dataset,dataset_name,t,reduct_init_size,reduct_full_size,time_batch_init_sec,time_batch_full_sec,gap_3nn,gap_svm,acc_3nn_init,acc_3nn_full,acc_svm_init,acc_svm_full,reduct_init_features,reduct_full_features,jaccard_init_full
D1,Wine,2.0,4,4,0.003053903579711914,0.003469228744506836,0.53968253968254,2.285714285714291,0.943968253968254,0.9493650793650794,0.9434920634920634,0.9663492063492063,0|2|6|10,0|3|6|10,0.6
D2,WDBC,2.0,4,4,0.05832481384277344,0.06192326545715332,-0.0015525539512450948,0.7033069399161485,0.903369042074212,0.9033535165346995,0.9332401800962584,0.9402732494954199,2|6|11|27,0|6|11|27,0.6
D3,Iono,2.0,7,8,0.03522992134094238,0.04089784622192383,-1.7062374245472745,0.28571428571427804,0.8946076458752514,0.8775452716297787,0.9145674044265594,0.9174245472837022,0|3|4|8|13|17|21,0|2|3|9|20|21|27|30,0.25
D4,Derm,2.0,23,26,0.11137700080871582,0.15054798126220703,0.5368382080710887,0.8219178082191858,0.9646057015920029,0.9699740836727138,0.9726397630507219,0.9808589411329137,3|4|5|7|8|9|10|11|14|17|19|21|22|23|24|25|26|27|28|29|30|31|32,2|3|4|5|6|7|8|9|10|11|13|14|17|19|21|22|23|24|25|26|27|28|29|30|31|32,0.8846153846153846
D5,Sonar,2.0,8,7,0.024979829788208008,0.02683711051940918,0.5226480836237002,4.8315911730545835,0.7980255516840883,0.8032520325203253,0.7737514518002323,0.8220673635307781,5|12|16|20|24|31|47|53,0|7|11|20|25|36|47,0.15384615384615385
D6,Urban,2.0,11,11,0.6548640727996826,0.8116540908813477,-7.259259259259254,-3.5555555555555673,0.6044444444444443,0.5318518518518518,0.7111111111111111,0.6755555555555555,7|17|21|42|43|59|79|92|96|136|140,14|17|43|59|71|79|96|104|122|137|140,0.375
D7,Musk,2.0,16,21,0.49457788467407227,0.7751312255859375,-1.2499999999999956,3.359649122807007,0.7773464912280701,0.7648464912280701,0.7521271929824561,0.7857236842105262,1|3|15|30|31|60|79|87|95|96|107|113|137|156|157|159,2|3|4|7|15|16|19|30|31|32|40|46|66|87|95|96|109|131|156|157|160,0.32142857142857145
D8,Arrhy,2.0,65,72,3.1916728019714355,4.177626132965088,-0.23443223443223582,-0.21733821733821435,0.5533333333333333,0.550989010989011,0.6173137973137973,0.6151404151404152,1|6|17|22|23|24|26|29|31|33|34|38|41|44|45|46|47|48|49|53|54|56|57|59|60|63|70|71|75|79|81|82|85|89|90|94|95|96|97|98|105|106|107|108|109|110|111|117|119|121|122|126|127|130|133|134|142|146|154|155|158|184|192|220|241,0|1|10|13|17|22|23|24|26|31|33|34|38|41|42|43|44|45|46|47|48|49|50|53|54|56|57|58|59|60|65|66|70|71|75|79|81|82|85|90|91|93|94|95|96|97|98|105|106|107|108|109|110|111|117|119|121|122|126|127|130|133|134|142|146|153|154|158|184|192|211|220,0.7564102564102564
D9,Spambase,2.0,49,50,48.27162981033325,58.817588806152344,-0.1955813624132552,-0.391186328659765,0.8943742623802106,0.892418448756078,0.9328419015248075,0.9289300382382099,0|1|2|3|4|5|6|7|8|9|11|12|13|15|18|19|20|21|22|23|24|25|26|27|30|31|32|34|35|36|37|38|39|40|41|42|43|44|45|46|47|48|49|50|51|52|53|54|56,0|1|2|3|4|5|6|7|9|11|12|13|15|17|18|19|20|21|22|23|24|25|26|27|30|31|32|34|35|36|37|38|39|40|41|42|43|44|45|46|47|48|49|50|51|52|53|54|55|56,0.9411764705882353
D10,Parkinsons,2.0,4,4,0.005459785461425781,0.0061779022216796875,0.0,0.0,0.8666666666666666,0.8666666666666666,0.8717948717948717,0.8717948717948717,0|3|18|19,0|3|18|19,1.0
D12,Letter,2.0,11,12,53.556381940841675,50.217390298843384,1.079999999999992,2.939999999999998,0.9295,0.9402999999999999,0.87295,0.90235,0|1|3|5|7|8|9|10|11|12|14,0|1|3|4|7|8|9|10|11|12|14|15,0.7692307692307693
