dataset,dataset_name,delta,reduct_init_size,reduct_full_size,time_batch_init_sec,time_state_init_sec,time_batch_full_sec,stream_time_sec,speedup,gap_3nn,gap_svm,max_ground_truth_diff,acc_3nn_init,acc_3nn_full,acc_svm_init,acc_svm_full,reduct_init_features,reduct_full_features,jaccard_init_full
D1,Wine,0.15,5,6,0.010342121124267578,0.00029449999999997534,0.016467809677124023,0.00032753699999943375,50.277708097566055,-1.6507936507936471,-2.2222222222222143,0.0,0.9495238095238095,0.9330158730158731,0.9719047619047618,0.9496825396825397,0|4|5|6|9,0|1|4|5|9|11,0.5714285714285714
D2,WDBC,0.15,9,11,0.41341590881347656,0.002903708999999921,0.7807302474975586,0.0018435740000000145,423.4873389934727,-0.17543859649123972,-0.0015525539512339925,0.0,0.9489830771619314,0.947228691197019,0.9648346530041918,0.9648191274646795,0|5|8|11|21|24|25|26|27,0|1|5|7|8|9|11|18|21|24|28,0.42857142857142855
D3,Iono,0.15,8,7,0.15448284149169922,0.0010808749999999812,0.262113094329834,0.000866659999999353,302.4405122308976,-1.4406438631790586,-0.28973843058350823,0.0,0.8946478873239435,0.8802414486921529,0.9230583501006036,0.9201609657947685,2|4|8|13|22|23|24|27,2|4|5|7|16|29|33,0.15384615384615385
D4,Derm,0.15,8,9,0.19120097160339355,0.001157625000000273,0.3169670104980469,0.0008766249999974107,361.5765127608534,-4.361347649018876,-3.8356164383561597,0.0,0.7484635320251758,0.704850055534987,0.792299148463532,0.7539429840799704,0|1|2|3|13|15|17|18,0|1|2|3|15|16|17|18|33,0.7
D5,Sonar,0.15,6,6,0.11284971237182617,0.0004246249999999563,0.18065524101257324,0.00039141599999981125,461.5428112613188,-0.9639953542392554,-1.4866434378629556,0.0,0.7979094076655052,0.7882694541231127,0.8125435540069686,0.7976771196283391,0|11|22|25|29|36,11|17|20|27|29|43,0.2
D6,Urban,0.15,9,9,6.695056915283203,0.00440937499999805,10.326004981994629,0.002664710999994213,3875.093765146409,-2.2222222222222143,-1.777777777777767,0.0,0.7081481481481482,0.685925925925926,0.7762962962962963,0.7585185185185186,0|1|2|3|6|17|32|84|100,0|1|2|3|6|17|78|100|126,0.6363636363636364
D7,Musk,0.15,11,13,4.397474050521851,0.002207999999995991,7.577992916107178,0.0015069589999896493,5028.665621399937,-0.22149122807016974,-0.6162280701754397,0.0,0.7773464912280701,0.7751315789473684,0.7960526315789475,0.7898903508771931,0|3|7|43|87|96|106|113|128|147|154,3|7|9|21|31|37|58|60|82|87|130|135|157,0.14285714285714285
D8,Arrhy,0.15,11,11,10.294021129608154,0.0021233749999964857,15.868174076080322,0.0014307900000218865,11090.498309212107,-1.9951159951159925,-0.6691086691086756,0.0,0.5465201465201465,0.5265689865689865,0.5686202686202686,0.5619291819291818,0|1|3|4|5|6|29|76|190|198|261,0|1|3|4|5|6|44|52|65|89|171,0.375
D9,Spambase,0.15,56,56,73.34934997558594,0.8326334579999752,126.80427503585815,0.238289844999656,532.1430085954406,0.0,0.0,0.0,0.8976322994854364,0.8976322994854364,0.9315370816220556,0.9315370816220556,0|1|2|3|4|5|6|7|8|9|10|11|12|13|14|15|16|17|18|19|20|21|22|23|24|25|26|27|28|29|30|31|32|33|34|35|36|37|38|39|40|41|42|43|44|45|46|47|48|49|50|51|52|53|55|56,0|1|2|3|4|5|6|7|8|9|10|11|12|13|14|15|16|17|18|19|20|21|22|23|24|25|26|27|28|29|30|31|32|33|34|35|36|37|38|39|40|41|42|43|44|45|46|47|48|49|50|51|52|53|55|56,1.0
D10,Parkinsons,0.15,5,8,0.02067422866821289,0.0003614579999862144,0.05104494094848633,0.00036200299962274585,141.00695574810646,-1.538461538461533,-2.051282051282044,0.0,0.9589743589743589,0.9435897435897436,0.8769230769230768,0.8564102564102564,0|9|16|17|18,0|1|2|3|15|16|17|18,0.4444444444444444
D12,Letter,0.15,16,16,116.34327173233032,4.753954208999971,140.65903735160828,1.5948839640012693,88.19390032533823,0.0,0.0,0.0,0.95495,0.95495,0.92485,0.92485,0|1|2|3|4|5|6|7|8|9|10|11|12|13|14|15,0|1|2|3|4|5|6|7|8|9|10|11|12|13|14|15,1.0
