dataset,dataset_name,delta,reduct_init_size,reduct_full_size,time_batch_full_sec,stream_time_sec,speedup,gap_3nn,gap_svm,max_pos_mismatch,acc_3nn_init,acc_3nn_full,acc_svm_init,acc_svm_full,reduct_init_features,reduct_full_features,jaccard_init_full
D1,Wine,0.75,10,13,0.053212881088256836,0.0005202530000001371,102.28269916414285,-2.238095238095228,1.1111111111111294,0,0.9776190476190475,0.9552380952380952,0.972063492063492,0.9831746031746033,0|1|3|4|7|8|9|10|11|12,0|1|2|3|4|5|6|7|8|9|10|11|12,0.7692307692307693
D2,WDBC,0.75,23,22,0.22694706916809082,0.003242998999999358,69.98061645043238,0.0,-0.3524297469336912,0,0.9701133364384411,0.9701133364384411,0.9806551777674274,0.9771308802980905,0|1|3|4|5|6|7|8|9|10|11|14|15|17|18|20|21|22|24|26|27|28|29,0|1|4|5|6|7|8|9|10|11|14|15|17|18|20|21|22|24|26|27|28|29,0.9565217391304348
D3,Iono,0.75,21,21,0.3698718547821045,0.0015628349999996516,236.66724560314233,0.0,0.0,0,0.8575050301810865,0.8575050301810865,0.93158953722334,0.93158953722334,2|4|5|6|7|8|9|10|11|17|18|19|21|23|24|26|29|30|31|32|33,2|4|5|6|7|8|9|10|11|17|18|19|21|23|24|26|29|30|31|32|33,1.0
D4,Derm,0.75,8,9,0.5044240951538086,0.0012729549999987988,396.2623149712948,-0.540540540540535,1.9029988893002558,0,0.7484635320251758,0.7430581266197704,0.792299148463532,0.8113291373565346,0|1|2|3|13|15|17|18,0|2|3|4|15|17|18|27|31,0.5454545454545454
D5,Sonar,0.75,19,20,0.16314911842346191,0.0007154139999996367,228.0485403186753,0.9639953542392554,0.9291521486643473,0,0.864924506387921,0.8745644599303135,0.8268292682926829,0.8361207897793264,5|9|10|11|16|20|21|26|29|30|33|35|38|45|47|49|52|53|56,5|6|9|10|11|15|19|21|24|26|28|30|32|35|38|45|47|49|53|56,0.56
D6,Urban,0.75,38,42,8.444900274276733,0.005945046000011445,1420.49368066462,0.1481481481481528,1.0370370370370474,0,0.7407407407407407,0.7422222222222222,0.8103703703703703,0.8207407407407408,0|1|7|9|13|14|15|16|17|18|19|23|34|35|38|42|43|49|55|57|59|63|79|80|89|90|95|97|99|104|113|119|122|126|127|137|140|146,0|1|6|8|13|14|15|16|17|18|19|21|23|24|28|34|35|38|42|43|51|57|58|59|63|70|79|80|89|90|93|97|104|119|122|126|127|137|140|141|143|146,0.6326530612244898
D7,Musk,0.75,19,23,1.930253028869629,0.002341916000016653,824.2195829636518,1.684210526315788,0.42105263157895534,0,0.7940789473684211,0.810921052631579,0.821359649122807,0.8255701754385966,0|6|7|31|40|43|46|47|49|82|83|87|96|98|106|110|123|157|160,0|7|18|31|35|36|46|47|49|74|79|82|83|87|92|96|98|100|103|106|109|157|160,0.5
D8,Arrhy,0.75,29,32,1.6572630405426025,0.0024000409999906935,690.5144706065558,0.0024420024420046538,-0.0024420024420046538,0,0.5885470085470085,0.5885714285714285,0.6217582417582418,0.6217338217338217,0|1|8|10|11|13|17|27|29|39|40|44|46|51|56|63|65|89|90|92|137|149|169|190|205|232|241|261|266,0|1|8|10|11|13|17|27|29|39|40|44|46|48|51|56|63|65|77|89|90|92|102|137|149|190|205|209|232|241|261|266,0.8484848484848485
D9,Spambase,0.75,55,55,7.093847990036011,0.20451366599986898,34.686425258449745,0.0,0.0,0,0.8989373554265212,0.8989373554265212,0.9328407213331446,0.9328407213331446,0|1|2|3|4|5|6|7|8|9|10|11|12|13|14|15|16|17|18|19|20|21|22|23|24|25|26|27|28|29|30|31|32|33|34|35|36|37|38|39|40|41|42|43|44|45|46|47|48|50|51|52|53|54|56,0|1|2|3|4|5|6|7|8|9|10|11|12|13|14|15|16|17|18|19|20|21|22|23|24|25|26|27|28|29|30|31|32|33|34|35|36|37|38|39|40|41|42|43|44|45|46|47|48|50|51|52|53|54|56,1.0
D10,Parkinsons,0.75,12,12,0.023138046264648438,0.0005729599999142465,40.38335358159636,0.0,0.0,0,0.9384615384615385,0.9384615384615385,0.8820512820512821,0.8820512820512821,0|1|2|3|10|15|16|17|18|19|20|21,0|1|2|3|10|15|16|17|18|19|20|21,1.0
D12,Letter,0.75,16,16,52.17042303085327,2.254583738002907,23.139714064053983,0.0,0.0,0,0.95495,0.95495,0.92485,0.92485,0|1|2|3|4|5|6|7|8|9|10|11|12|13|14|15,0|1|2|3|4|5|6|7|8|9|10|11|12|13|14|15,1.0
