dataset,dataset_name,n,reduct_init_size,ce_reeval_time_min_sec,ce_reeval_time_median_sec,n_repeats
D1,Wine,178,5,4.4874999999944265e-05,4.6541999999982764e-05,7
D2,WDBC,569,9,0.0001194999999999391,0.0001242909999999986,7
D3,Iono,351,8,6.062499999992532e-05,6.545800000001822e-05,7
D4,Derm,366,8,0.00019204200000000338,0.0001951249999999627,7
D5,Sonar,208,6,3.495899999994556e-05,3.6249999999959925e-05,7
D6,Urban,675,9,0.000811499999999965,0.0008187079999999458,7
D7,Musk,476,11,9.220799999998253e-05,9.35830000000637e-05,7
D8,Arrhy,452,11,0.0004886249999999093,0.000492959000000015,7
D9,Spambase,4601,56,0.005372332999999951,0.005415792000000197,7
D10,Parkinsons,195,5,3.054099999988402e-05,3.5333999999886956e-05,7
D12,Letter,20000,16,1.037024624999999,1.0377504999999996,7
