dataset_name,n,p,ours_size,ours_3nn,ours_svm,ours_batch_init_sec,ours_state_init_sec,ours_stream_sec,xu_size,xu_3nn,xu_svm,li_size,li_3nn,li_svm,deng_size,deng_3nn,deng_svm
Wine,178,13,6,97.76190476190476,98.88888888888889,0.0379011631011962,0.0008013749999999,0.0012733019999989,6,93.30158730158732,94.96825396825396,13,95.52380952380952,98.31746031746032,4,94.93650793650794,96.63492063492065
WDBC,569,30,6,95.78326346840552,96.30957925787922,0.5122191905975342,0.0054590000000001,0.0046632589999995,11,94.7228691197019,96.48191274646796,22,97.01133364384413,97.71308802980904,4,90.33535165346997,94.027324949542
Iono,351,34,6,91.44869215291752,92.3098591549296,0.3516340255737304,0.002123209,0.0028253700000009,7,88.02414486921529,92.01609657947684,21,85.75050301810865,93.158953722334,8,87.75452716297787,91.74245472837022
Derm,366,34,10,97.53424657534246,97.80821917808218,0.3953890800476074,0.0022657089999995,0.0026324929999947,9,70.48500555349871,75.39429840799704,9,74.30581266197704,81.13291373565346,26,96.99740836727138,98.08589411329136
Sonar,208,60,4,81.73054587688733,79.33797909407666,0.203118085861206,0.0009488329999998,0.0014469610000071,6,78.82694541231126,79.76771196283391,20,87.45644599303135,83.61207897793264,7,80.32520325203252,82.20673635307782
Urban,675,147,7,84.59259259259258,84.74074074074075,5.191702842712402,0.0092961669999986,0.0067009779999906,9,68.59259259259261,75.85185185185186,42,74.22222222222223,82.07407407407408,11,53.185185185185176,67.55555555555554
Musk,476,166,5,80.45175438596492,77.71491228070177,2.7408831119537354,0.0034010829999999,0.0040075909999934,13,77.51315789473684,78.9890350877193,23,81.0921052631579,82.55701754385966,21,76.48464912280701,78.57236842105262
Arrhy,452,279,9,69.03785103785103,65.26007326007326,5.095252990722656,0.0037463330000022,0.0036658189999982,11,52.656898656898655,56.192918192918185,32,58.857142857142854,62.17338217338217,72,55.098901098901095,61.514041514041516
Spambase,4601,57,10,92.26266345654535,90.04588585186234,39.692342042922974,0.2409244159999986,0.1172540420002405,56,89.76322994854364,93.15370816220556,55,89.89373554265212,93.28407213331445,50,89.2418448756078,92.89300382382099
Parkinsons,195,22,3,90.76923076923076,87.17948717948717,0.0527789592742919,0.0008524589999865,0.0011885729998653,8,94.35897435897435,85.64102564102564,12,93.84615384615384,88.20512820512822,4,86.66666666666666,87.17948717948717
Letter,20000,16,12,95.71499999999999,91.11,358.5279788970947,6.261283333000165,2.3887101469995287,16,95.49499999999999,92.485,16,95.49499999999999,92.485,12,94.03,90.235
