t,dataset_name,size,acc_3nn,acc_svm
1,Wine,13,95.52380952380952,98.31746031746032
1,WDBC,30,97.00822853594164,98.24095637323398
1,Iono,33,86.32595573440642,94.01609657947687
1,Derm,34,96.99740836727138,97.54165124028138
1,Sonar,57,84.09988385598142,85.57491289198606
1,Urban,124,77.77777777777779,82.81481481481482
1,Musk,114,80.88596491228071,88.4451754385965
1,Arrhy,150,58.42246642246642,60.18315018315018
1,Spambase,57,89.74144361044235,93.13196903177075
1,Parkinsons,20,94.87179487179488,87.69230769230771
1,Letter,16,95.49499999999999,92.485
2,Wine,4,94.93650793650794,96.63492063492065
2,WDBC,4,90.33535165346997,94.027324949542
2,Iono,8,87.75452716297787,91.74245472837022
2,Derm,26,96.99740836727138,98.08589411329136
2,Sonar,7,80.32520325203252,82.20673635307782
2,Urban,11,53.185185185185176,67.55555555555554
2,Musk,21,76.48464912280701,78.57236842105262
2,Arrhy,72,55.098901098901095,61.514041514041516
2,Spambase,50,89.2418448756078,92.89300382382099
2,Parkinsons,4,86.66666666666666,87.17948717948717
2,Letter,12,94.03,90.235
3,Wine,3,94.38095238095237,95.50793650793652
3,WDBC,3,93.14547430523213,93.67644775655954
3,Iono,5,86.8933601609658,88.89336016096578
3,Derm,26,96.99740836727138,98.08589411329136
3,Sonar,4,78.37398373983739,77.39837398373984
3,Urban,6,62.370370370370374,68.44444444444444
3,Musk,15,76.2609649122807,74.9890350877193
3,Arrhy,65,56.65445665445665,61.95604395604396
3,Spambase,45,88.91580512675257,91.84985601661711
3,Parkinsons,2,83.58974358974359,84.1025641025641
3,Letter,12,94.03,90.235
