step,y_new,is_new_class_event,n_active_before,n_gain,n_shrink,shrink_frac,gain_frac
0,5,True,196,0,50,0.25510204081632654,0.0
1,5,False,197,0,12,0.06091370558375635,0.0
2,5,False,198,0,16,0.08080808080808081,0.0
3,2,False,199,0,87,0.4371859296482412,0.0
4,5,False,200,0,6,0.03,0.0
5,2,False,201,5,3,0.014925373134328358,0.024875621890547265
6,5,False,202,0,25,0.12376237623762376,0.0
7,5,False,203,0,0,0.0,0.0
8,5,False,204,1,2,0.00980392156862745,0.004901960784313725
9,1,False,205,66,0,0.0,0.32195121951219513
10,5,False,206,0,5,0.024271844660194174,0.0
11,1,False,207,86,0,0.0,0.41545893719806765
12,1,False,208,75,0,0.0,0.3605769230769231
13,6,True,209,0,5,0.023923444976076555,0.0
14,1,False,210,78,0,0.0,0.37142857142857144
15,1,False,211,82,0,0.0,0.3886255924170616
16,5,False,212,2,2,0.009433962264150943,0.009433962264150943
17,6,False,213,1,5,0.023474178403755867,0.004694835680751174
18,4,True,214,0,0,0.0,0.0
19,5,False,215,0,16,0.07441860465116279,0.0
20,4,False,216,0,12,0.05555555555555555,0.0
21,4,False,217,0,1,0.004608294930875576,0.0
22,6,False,218,0,2,0.009174311926605505,0.0
23,4,False,219,0,4,0.0182648401826484,0.0
24,4,False,220,0,0,0.0,0.0
25,5,False,221,0,61,0.27601809954751133,0.0
26,5,False,222,0,4,0.018018018018018018,0.0
27,6,False,223,1,0,0.0,0.004484304932735426
28,5,False,224,0,5,0.022321428571428572,0.0
29,4,False,225,0,6,0.02666666666666667,0.0
30,5,False,226,0,1,0.004424778761061947,0.0
31,6,False,227,0,2,0.00881057268722467,0.0
32,5,False,228,0,1,0.0043859649122807015,0.0
33,3,False,229,54,0,0.0,0.23580786026200873
34,6,False,230,0,0,0.0,0.0
35,5,False,231,0,1,0.004329004329004329,0.0
36,3,False,232,49,0,0.0,0.21120689655172414
37,1,False,233,74,0,0.0,0.31759656652360513
38,5,False,234,0,2,0.008547008547008548,0.0
39,3,False,235,56,0,0.0,0.23829787234042554
40,5,False,236,0,3,0.012711864406779662,0.0
41,5,False,237,0,0,0.0,0.0
42,4,False,238,0,0,0.0,0.0
43,2,False,239,0,0,0.0,0.0
44,4,False,240,0,1,0.004166666666666667,0.0
45,2,False,241,2,0,0.0,0.008298755186721992
46,2,False,242,0,0,0.0,0.0
47,3,False,243,57,0,0.0,0.2345679012345679
48,5,False,244,0,1,0.004098360655737705,0.0
49,5,False,245,0,45,0.1836734693877551,0.0
50,4,False,246,0,2,0.008130081300813009,0.0
51,6,False,247,0,0,0.0,0.0
52,5,False,248,1,0,0.0,0.004032258064516129
53,6,False,249,0,0,0.0,0.0
54,5,False,250,0,0,0.0,0.0
55,4,False,251,0,0,0.0,0.0
56,6,False,252,1,0,0.0,0.003968253968253968
57,5,False,253,0,0,0.0,0.0
58,1,False,254,56,0,0.0,0.2204724409448819
59,5,False,255,0,0,0.0,0.0
60,6,False,256,2,0,0.0,0.0078125
61,1,False,257,81,0,0.0,0.3151750972762646
62,4,False,258,0,0,0.0,0.0
63,3,False,259,52,0,0.0,0.20077220077220076
64,4,False,260,0,0,0.0,0.0
65,1,False,261,75,0,0.0,0.28735632183908044
66,5,False,262,0,5,0.019083969465648856,0.0
67,4,False,263,0,3,0.011406844106463879,0.0
68,4,False,264,0,0,0.0,0.0
69,4,False,265,0,0,0.0,0.0
70,5,False,266,0,0,0.0,0.0
71,5,False,267,0,2,0.00749063670411985,0.0
72,6,False,268,0,0,0.0,0.0
73,4,False,269,0,1,0.0037174721189591076,0.0
74,6,False,270,2,0,0.0,0.007407407407407408
75,5,False,271,0,4,0.014760147601476014,0.0
76,4,False,272,0,4,0.014705882352941176,0.0
77,5,False,273,1,35,0.1282051282051282,0.003663003663003663
78,4,False,274,0,0,0.0,0.0
79,5,False,275,0,1,0.0036363636363636364,0.0
80,2,False,276,3,0,0.0,0.010869565217391304
81,1,False,277,75,0,0.0,0.27075812274368233
82,4,False,278,0,0,0.0,0.0
83,3,False,279,59,0,0.0,0.2114695340501792
84,4,False,280,0,2,0.007142857142857143,0.0
85,3,False,281,57,0,0.0,0.20284697508896798
86,5,False,282,0,0,0.0,0.0
87,1,False,283,86,0,0.0,0.303886925795053
88,1,False,284,76,0,0.0,0.2676056338028169
89,5,False,285,0,4,0.014035087719298246,0.0
90,5,False,286,0,0,0.0,0.0
91,5,False,287,0,0,0.0,0.0
92,5,False,288,0,0,0.0,0.0
93,6,False,289,3,0,0.0,0.010380622837370242
94,4,False,290,0,1,0.0034482758620689655,0.0
95,5,False,291,0,0,0.0,0.0
96,1,False,292,94,0,0.0,0.3219178082191781
97,2,False,293,0,1,0.0034129692832764505,0.0
98,4,False,294,0,1,0.003401360544217687,0.0
99,4,False,295,0,0,0.0,0.0
100,4,False,296,0,0,0.0,0.0
101,4,False,297,0,0,0.0,0.0
102,4,False,298,1,0,0.0,0.003355704697986577
103,4,False,299,0,1,0.0033444816053511705,0.0
104,4,False,300,0,2,0.006666666666666667,0.0
105,5,False,301,0,0,0.0,0.0
106,3,False,302,60,0,0.0,0.1986754966887417
107,4,False,303,0,0,0.0,0.0
108,2,False,304,0,2,0.006578947368421052,0.0
109,5,False,305,0,1,0.003278688524590164,0.0
110,5,False,306,0,0,0.0,0.0
111,4,False,307,0,0,0.0,0.0
112,5,False,308,0,63,0.20454545454545456,0.0
113,4,False,309,0,0,0.0,0.0
114,4,False,310,0,0,0.0,0.0
115,6,False,311,0,0,0.0,0.0
116,6,False,312,0,1,0.003205128205128205,0.0
117,3,False,313,58,0,0.0,0.1853035143769968
118,1,False,314,79,0,0.0,0.2515923566878981
119,6,False,315,0,0,0.0,0.0
120,5,False,316,0,2,0.006329113924050633,0.0
121,5,False,317,1,2,0.006309148264984227,0.0031545741324921135
122,4,False,318,0,0,0.0,0.0
123,1,False,319,63,0,0.0,0.1974921630094044
124,4,False,320,0,1,0.003125,0.0
125,3,False,321,60,0,0.0,0.18691588785046728
126,1,False,322,77,0,0.0,0.2391304347826087
127,4,False,323,0,0,0.0,0.0
128,4,False,324,0,0,0.0,0.0
129,4,False,325,0,0,0.0,0.0
130,2,False,326,0,0,0.0,0.0
131,1,False,327,83,0,0.0,0.25382262996941896
132,1,False,328,84,0,0.0,0.25609756097560976
133,5,False,329,0,0,0.0,0.0
134,4,False,330,0,4,0.012121212121212121,0.0
135,4,False,331,0,0,0.0,0.0
136,1,False,332,80,0,0.0,0.24096385542168675
137,3,False,333,61,0,0.0,0.1831831831831832
138,3,False,334,61,0,0.0,0.18263473053892215
139,3,False,335,61,0,0.0,0.18208955223880596
140,5,False,336,0,0,0.0,0.0
141,6,False,337,0,0,0.0,0.0
142,4,False,338,0,0,0.0,0.0
143,4,False,339,0,1,0.0029498525073746312,0.0
144,3,False,340,63,0,0.0,0.18529411764705883
145,6,False,341,0,0,0.0,0.0
146,6,False,342,1,1,0.0029239766081871343,0.0029239766081871343
147,4,False,343,0,0,0.0,0.0
148,5,False,344,0,0,0.0,0.0
149,4,False,345,0,0,0.0,0.0
150,4,False,346,0,0,0.0,0.0
151,2,False,347,0,0,0.0,0.0
152,3,False,348,63,0,0.0,0.1810344827586207
153,4,False,349,0,0,0.0,0.0
154,5,False,350,0,0,0.0,0.0
155,4,False,351,0,0,0.0,0.0
156,3,False,352,63,0,0.0,0.17897727272727273
157,5,False,353,0,0,0.0,0.0
158,2,False,354,0,0,0.0,0.0
159,5,False,355,0,0,0.0,0.0
160,5,False,356,0,1,0.0028089887640449437,0.0
161,3,False,357,67,0,0.0,0.1876750700280112
162,6,False,358,0,0,0.0,0.0
163,4,False,359,0,0,0.0,0.0
164,1,False,360,89,0,0.0,0.24722222222222223
165,4,False,361,0,4,0.0110803324099723,0.0
166,5,False,362,0,1,0.0027624309392265192,0.0
167,1,False,363,93,0,0.0,0.256198347107438
168,4,False,364,0,0,0.0,0.0
169,5,False,365,0,0,0.0,0.0
