dataset,round,frac_of_total,n_cumulative,n_this_batch,B_init_size,B_round_size,jaccard_Binit_vs_Bround,jaccard_Bround_vs_prevround,t_incremental_s,t_incremental_total_s,t_state_init_s,t_batch_refit_s,speedup,speedup_kernel,gamma_incremental,gamma_ground_truth,gt_diff,acc3_Binit,accsvm_Binit,acc3_Bround,accsvm_Bround,gap3_pp,gapsvm_pp
Wine,1,0.601123595505618,107,18,3,5,0.3333333333333333,0.3333333333333333,0.00020262500000001182,0.00023941700000007504,0.0003830830000000063,0.02514137500000002,105.01081794522587,124.07834669956104,0.7231805043438858,0.7231805043438859,1.1102230246251565e-16,0.9437229437229437,0.9632034632034632,0.9532467532467532,0.9818181818181818,0.952380952380949,1.861471861471864
Wine,2,0.702247191011236,125,18,3,5,0.3333333333333333,0.6666666666666666,0.00017095799999999883,0.00021924999999989314,0.0003830830000000063,0.030693917000000015,139.99506043336362,179.54068835620575,0.6937423519353123,0.6937423519353124,1.1102230246251565e-16,0.9279999999999999,0.9279999999999999,0.952,0.968,2.400000000000002,4.0000000000000036
Wine,3,0.8033707865168539,143,18,3,5,0.3333333333333333,1.0,0.00014583399999990032,0.00019379299999988664,0.0003830830000000063,0.034553500000000015,178.30107382630038,236.9372025729503,0.6845818624121603,0.6845818624121605,1.1102230246251565e-16,0.9226600985221675,0.9300492610837438,0.9647783251231529,0.9509852216748769,4.211822660098541,2.093596059113312
Wine,4,0.9044943820224719,161,18,3,6,0.5,0.8333333333333334,0.0001364169999999998,0.0001899169999999284,0.0003830830000000063,0.04291387499999999,225.96120937049432,314.57864489030004,0.6919896585870005,0.6919896585870006,1.1102230246251565e-16,0.91875,0.937689393939394,0.98125,0.9875,6.25,4.9810606060606055
Wine,5,1.0,178,17,3,6,0.5,1.0,0.00011179199999999945,0.00017175000000002605,0.0003830830000000063,0.04856516600000005,282.7666142648773,434.4243416344666,0.7038666550570949,0.703866655057095,1.1102230246251565e-16,0.9382539682539683,0.943968253968254,0.9776190476190475,0.9888888888888889,3.936507936507916,4.492063492063492
WDBC,1,0.5992970123022847,341,57,1,1,1.0,1.0,0.00019837499999986186,0.00025712499999985816,0.0010260830000001775,0.08982579200000007,349.34678463801504,452.80802520510457,0.6692451725839611,0.6692451725839611,0.0,0.8768968456947996,0.9208866155157714,0.8768968456947996,0.9208866155157714,0.0,0.0
WDBC,2,0.6994727592267135,398,57,1,2,0.5,0.5,0.000407749999999929,0.0004737079999999061,0.0010260830000001775,0.1592698749999999,336.21951708654166,390.606683016622,0.6487889845326698,0.6487889845326698,0.0,0.8768987341772151,0.9246202531645571,0.8994620253164559,0.927120253164557,2.2563291139240826,0.24999999999999467
WDBC,3,0.7996485061511424,455,57,1,7,0.14285714285714285,0.125,0.0005011249999999912,0.0005864169999998392,0.0010260830000001775,0.46957629099999987,800.7549081969462,937.0442324769432,0.587432930535454,0.587432930535454,0.0,0.8901098901098902,0.9120879120879121,0.9516483516483516,0.9692307692307691,6.153846153846143,5.714285714285705
WDBC,4,0.8998242530755711,512,57,1,6,0.16666666666666666,0.625,0.0002799170000000739,0.0004292920000001921,0.0010260830000001775,0.534347833,1244.7188230848953,1908.950985470189,0.5815241257973198,0.5815241257973198,0.0,0.8944412716542928,0.9081667618503712,0.9414049114791547,0.9570340757662288,4.696363982486195,4.886731391585764
WDBC,5,1.0,569,57,1,6,0.16666666666666666,0.7142857142857143,0.0006242499999999929,0.0008375840000001133,0.0010260830000001775,0.5601441249999999,668.7617301666747,897.3073688426211,0.5524066063830368,0.5524066063830368,0.0,0.8980593075609378,0.9209284272628475,0.9578326346840551,0.9630957925787922,5.977332712311734,4.216736531594467
Iono,1,0.6011396011396012,211,36,5,6,0.375,0.375,0.00023283400000018162,0.0003506260000003536,0.0008963749999999493,0.18250170899999985,520.502498388071,783.8275724329673,0.5884204196331774,0.5884204196331773,1.1102230246251565e-16,0.9147286821705427,0.9336655592469547,0.9145071982281283,0.9429678848283499,-0.022148394241439107,0.930232558139521
Iono,2,0.7008547008547008,246,35,5,6,0.375,0.7142857142857143,0.0003388330000002604,0.00047854100000011,0.0008963749999999493,0.21711291600000004,453.69762674452164,640.7667375959047,0.5599906812168791,0.559990681216879,1.1102230246251565e-16,0.8983673469387755,0.9310204081632654,0.9066938775510204,0.9269387755102041,0.8326530612244865,-0.40816326530612734
Iono,3,0.8005698005698005,281,35,5,9,0.2727272727272727,0.5,0.0004103340000001232,0.0005740420000002189,0.0008963749999999493,0.34706879199999996,604.6052240077688,845.8202147516309,0.5146765334978861,0.514676533497886,1.1102230246251565e-16,0.8861528822055138,0.9111528822055138,0.9110275689223059,0.9252506265664161,2.487468671679205,1.4097744360902276
Iono,4,0.9002849002849003,316,35,5,7,0.3333333333333333,0.7777777777777778,0.0003441250000002505,0.0005272920000001236,0.0008963749999999493,0.3322631249999999,630.1311702053549,965.5303305477894,0.49765902303833004,0.4976590230383298,2.220446049250313e-16,0.9020833333333333,0.9052579365079365,0.9117063492063492,0.924156746031746,0.9623015873015839,1.8898809523809512
Iono,5,1.0,351,35,5,6,0.375,0.8571428571428571,0.00034716600000006537,0.0005455830000000716,0.0008963749999999493,0.3398830840000002,622.9722773619332,979.021805130503,0.502748328306654,0.5027483283066537,2.220446049250313e-16,0.9030985915492957,0.9173038229376257,0.9144869215291752,0.9230985915492959,1.1388329979879486,0.5794768611670165
Derm,1,0.6010928961748634,220,37,11,12,0.7692307692307693,0.7692307692307693,0.0002644579999993013,0.0004079999999992978,0.0013608329999996727,0.3193423329999998,782.701796569974,1207.5351587051384,0.8552464538368794,0.8552464538368796,2.220446049250313e-16,0.9772727272727273,0.9772727272727273,0.9772727272727273,0.9772727272727273,0.0,0.0
Derm,2,0.7021857923497268,257,37,11,11,0.6923076923076923,0.7692307692307693,0.0003916249999997845,0.0005557920000001104,0.0013608329999996727,0.3605271659999998,648.6728236461269,920.5928273225616,0.8168711580889364,0.8168711580889368,4.440892098500626e-16,0.9649321266968325,0.9687028657616894,0.9766968325791856,0.9726244343891404,1.1764705882353121,0.39215686274509665
Derm,3,0.8032786885245902,294,37,11,9,0.5384615384615384,0.5384615384615384,0.0003707910000008141,0.0005604990000005472,0.0013608329999996727,0.3648258750000002,650.8947830409047,983.9124331475122,0.8103708390879215,0.810370839087922,4.440892098500626e-16,0.9761542957334892,0.9761542957334892,0.9591466978375219,0.9659848042080655,-1.7007597895967286,-1.016949152542368
Derm,4,0.9016393442622951,330,36,11,10,0.75,0.7272727272727273,0.0003273330000004293,0.0005337500000006656,0.0013608329999996727,0.44937733400000024,841.9247475399341,1372.844577233004,0.8192143690366003,0.8192143690366008,5.551115123125783e-16,0.9636363636363636,0.9787878787878789,0.9757575757575758,0.9848484848484848,1.21212121212122,0.6060606060605878
Derm,5,1.0,366,36,11,10,0.6153846153846154,0.8181818181818182,0.0004647909999997424,0.0006939579999993839,0.0013608329999996727,0.4994777500000005,719.7521319740445,1074.628704084798,0.8121824516627368,0.8121824516627373,4.440892098500626e-16,0.9753424657534246,0.9726027397260273,0.9753424657534246,0.9780821917808218,0.0,0.5479452054794498
Sonar,1,0.6009615384615384,125,21,5,4,0.5,0.5,0.0001845410000003156,0.00023466600000077165,0.00047400000000052955,0.13744104200000073,585.6879224069477,744.772392041691,0.42365800577644247,0.42365800577644247,0.0,0.8240000000000001,0.784,0.768,0.792,-5.600000000000005,0.8000000000000007
Sonar,2,0.7019230769230769,146,21,5,5,0.42857142857142855,0.8,0.00014645900000065382,0.00020845900000132644,0.00047400000000052955,0.18564937499999967,890.5798022576064,1267.5859796883149,0.4238513979162193,0.4238513979162193,0.0,0.8013793103448276,0.7802298850574712,0.7944827586206896,0.7535632183908045,-0.6896551724137945,-2.6666666666666616
Sonar,3,0.8028846153846154,167,21,5,4,0.2857142857142857,0.5,0.00022029099999976154,0.0002926239999991864,0.00047400000000052955,0.18200620899999986,621.9797726792946,826.2081020114161,0.36885680050670006,0.3688568005067001,5.551115123125783e-17,0.7736185383244207,0.7550802139037434,0.80873440285205,0.8083778966131907,3.511586452762927,5.329768270944735
Sonar,4,0.9038461538461539,188,21,5,4,0.2857142857142857,1.0,0.0001828330000002154,0.00025995800000089275,0.00047400000000052955,0.2114787499999995,813.5112210406036,1156.6771315886647,0.3624157038057669,0.36241570380576693,5.551115123125783e-17,0.7452347083926032,0.7497866287339972,0.7978662873399716,0.7708392603129445,5.263157894736836,2.1052631578947323
Sonar,5,1.0,208,20,5,4,0.2857142857142857,1.0,0.00015983300000055323,0.00023291700000083182,0.00047400000000052955,0.24046008300000032,1032.3852831658555,1504.4457840318835,0.36712540304692604,0.36712540304692615,1.1102230246251565e-16,0.7693379790940765,0.7644599303135887,0.8173054587688734,0.7933797909407666,4.7967479674796865,2.8919860627177885
Urban,1,0.6,405,68,8,4,0.0,0.0,0.001170416999999091,0.0015665419999990604,0.003446249999999651,2.1477682500000004,1371.0250028414741,1835.0453299991955,0.49384600051026667,0.4938460005102668,1.1102230246251565e-16,0.8419753086419753,0.7975308641975308,0.7876543209876544,0.7925925925925925,-5.432098765432092,-0.4938271604938316
Urban,2,0.7007407407407408,473,68,8,8,0.45454545454545453,0.3333333333333333,0.001412709000000234,0.001877125000000035,0.003446249999999651,4.794687957999999,2554.2720692547964,3393.967163796086,0.4798887025100996,0.47988870251009946,1.1102230246251565e-16,0.8668309070548712,0.786427771556551,0.8668309070548712,0.8118477043673012,0.0,2.541993281075028
Urban,3,0.8014814814814815,541,68,8,6,0.4,0.4,0.001530375000001527,0.0020696670000006634,0.003446249999999651,4.758174292,2299.0047635675082,3109.1557899176682,0.47347752516936636,0.4734775251693664,5.551115123125783e-17,0.8317533129459734,0.8058443764865784,0.8483350322799865,0.8113829425756031,1.658171933401309,0.5538566089024699
Urban,4,0.9007407407407407,608,67,8,7,0.5,0.625,0.0017272500000018454,0.0023403750000028367,0.003446249999999651,6.566446499999998,2805.724082675656,3801.67694311361,0.4679505535282816,0.46795055352828147,1.1102230246251565e-16,0.8405229643679719,0.8043083593009077,0.8437474596938085,0.8141850697737434,0.3224495325836574,0.987671047283567
Urban,5,1.0,675,67,8,7,0.25,0.4,0.0018872499999993408,0.002588041999999291,0.003446249999999651,7.710817625000001,2979.4020440943823,4085.742548683372,0.4599686475758845,0.45996864757588435,1.6653345369377348e-16,0.8577777777777778,0.8014814814814815,0.8459259259259259,0.8474074074074075,-1.1851851851851891,4.592592592592604
Musk,1,0.6008403361344538,286,48,5,6,0.0,0.0,0.00041733399999799303,0.0006245840000005387,0.0015975840000024277,1.3489722910000026,2159.793223968016,3232.3565561552373,0.3257384044294343,0.3257384044294344,1.1102230246251565e-16,0.7516031457955232,0.7587416817906836,0.7622504537205081,0.7060496067755595,1.0647307924984917,-5.269207501512407
Musk,2,0.7016806722689075,334,48,5,6,0.0,0.2,0.0004822500000045693,0.000738167000008616,0.0015975840000024277,1.6334313750000007,2212.820913127971,3387.1049766397596,0.3212212121053177,0.3212212121053178,1.1102230246251565e-16,0.7725463591135233,0.7334690185436454,0.7456354590682949,0.7095884215287201,-2.6910900045228447,-2.3880597014925287
Musk,3,0.8025210084033614,382,48,5,8,0.0,0.07692307692307693,0.0005139999999954625,0.0008080839999990985,0.0015975840000024277,2.4263868749999986,3002.6418973803534,4720.5970331155995,0.3146361166729367,0.3146361166729368,5.551115123125783e-17,0.7826042378673957,0.7435406698564593,0.8034518113465483,0.8087491455912508,2.084757347915256,6.520847573479149
Musk,4,0.9012605042016807,429,47,5,8,0.0,0.06666666666666667,0.000520207999997524,0.0008474989999953664,0.0015975840000024277,2.836484624999997,3346.8884624235607,5452.597086191481,0.3169321895631534,0.3169321895631534,0.0,0.7832010943912449,0.7507250341997264,0.806593707250342,0.7529411764705882,2.3392612859097106,0.2216142270861865
Musk,5,1.0,476,47,5,5,0.1111111111111111,0.08333333333333333,0.0005920830000007982,0.000992750000001763,0.0015975840000024277,2.1964974999999995,2212.5384034209,3709.7797099343143,0.3188240314731291,0.31882403147312915,5.551115123125783e-17,0.7773245614035087,0.747982456140351,0.8045175438596491,0.7771491228070176,2.7192982456140435,2.9166666666666674
Arrhy,1,0.6017699115044248,272,46,8,9,0.5454545454545454,0.5454545454545454,0.0004219170000041572,0.0006098340000093572,0.0015408329999999637,2.9805111249999996,4887.413828934214,7064.21197764165,0.34869986738620473,0.34869986738620473,0.0,0.6581144781144781,0.6138720538720538,0.6909090909090909,0.6432323232323232,3.279461279461282,2.9360269360269364
Arrhy,2,0.7013274336283186,317,45,8,8,0.3333333333333333,0.4166666666666667,0.00045262500000120554,0.0006682499999968172,0.0015408329999999637,3.251689207999995,4865.97711637184,7184.068948889995,0.33030515316947573,0.33030515316947584,1.1102230246251565e-16,0.631001984126984,0.6025793650793652,0.700297619047619,0.6876984126984127,6.929563492063496,8.511904761904754
Arrhy,3,0.8008849557522124,362,45,8,8,0.45454545454545453,0.6,0.00047566700000345463,0.0007331250000035539,0.0015408329999999637,3.719941458000001,5074.088945243947,7820.474108931215,0.31518646950308093,0.31518646950308093,0.0,0.6215753424657534,0.5829528158295283,0.6383561643835616,0.6161719939117198,1.6780821917808164,3.3219178082191547
Arrhy,4,0.9004424778761062,407,45,8,9,0.4166666666666667,0.5454545454545454,0.000509666000006348,0.0007917080000012788,0.0015408329999999637,4.845179999999999,6119.907844801584,9506.578818166508,0.3108202797291792,0.3108202797291792,0.0,0.6042758205359832,0.5970189701897018,0.6657332128876845,0.6338452273411622,6.145739235170133,3.6826257151460373
Arrhy,5,1.0,452,45,8,9,0.4166666666666667,0.38461538461538464,0.0004914590000026919,0.0008098339999946802,0.0015408329999999637,5.51379104099999,6808.544764774276,11219.228950878483,0.31544753937276626,0.3154475393727662,5.551115123125783e-17,0.6305006105006105,0.6084249084249085,0.6903785103785103,0.6526007326007326,5.9877899877899825,4.417582417582411
Spambase,1,0.6000869376222561,2761,461,7,7,0.75,0.75,0.026706000000004337,0.05418216600000392,0.10160679100000891,16.874755832999995,311.4448365353053,631.8713335204543,0.37820594344542574,0.3782059434454257,5.551115123125783e-17,0.8782988704562728,0.844258589511754,0.8945973215923685,0.8641802290536468,1.6298451136095737,1.9921639541892744
Spambase,2,0.7000652032166921,3221,460,7,8,0.6666666666666666,0.6666666666666666,0.031219917000001374,0.06396333300000379,0.10160679100000891,25.200425541,393.98237019635155,807.1906642480469,0.3654533907311331,0.3654533907311331,0.0,0.8804742645288652,0.842904810053445,0.9028296981077567,0.8823385815397948,2.235543357889147,3.9433771486349856
Spambase,3,0.800043468811128,3681,460,7,9,0.6,0.7,0.03639012499999694,0.06919166599999471,0.10160679100000891,36.55977312500002,528.3840560365003,1004.661927514761,0.3674839695931969,0.36748396959319685,5.551115123125783e-17,0.8807411804613299,0.8478721756828506,0.9043769541619964,0.8761234587929916,2.3635773700666496,2.8251283110141023
Spambase,4,0.900021734405564,4141,460,7,9,0.6,0.8,0.041535875000022315,0.07884545900003559,0.10160679100000891,46.477953499999984,589.4816783294901,1118.9833728066403,0.3673932908329589,0.3673932908329588,1.1102230246251565e-16,0.8891546185090003,0.8488269435849023,0.9145090703542481,0.8722493196505889,2.535445184524776,2.3422376065686645
Spambase,5,1.0,4601,460,7,10,0.5454545454545454,0.7272727272727273,0.046586082999994005,0.08842391700000007,0.10160679100000891,62.249209167000004,703.9861078196745,1336.218998429381,0.3625648389360914,0.3625648389360913,1.1102230246251565e-16,0.8908943492423169,0.8480786479724307,0.9226266345654535,0.9004588585186234,3.1732285323136544,5.238021054619269
Parkinsons,1,0.6,117,20,4,5,0.5,0.5,0.00014124999995601684,0.00019091699994078226,0.0004484579999939342,0.051807750000023134,271.36268648728304,366.7805310878251,0.5719367095008143,0.5719367095008143,0.0,0.8800724637681159,0.8289855072463768,0.8626811594202899,0.8289855072463768,-1.7391304347825987,0.0
Parkinsons,2,0.7025641025641025,137,20,4,3,0.4,0.3333333333333333,0.0001798750000148175,0.00023416700003053847,0.0004484579999939342,0.04137570900002174,176.69316767360817,230.02478941828133,0.5362044424959864,0.5362044424959864,0.0,0.8973544973544975,0.817195767195767,0.8902116402116402,0.8243386243386241,-0.7142857142857229,0.7142857142857117
Parkinsons,3,0.8051282051282052,157,20,4,3,0.75,0.5,0.0001650000000381624,0.0002299580000340029,0.0004484579999939342,0.047578583000017716,206.90118627306933,288.355048418263,0.5368843415418273,0.5368843415418273,0.0,0.8981854838709677,0.8278225806451613,0.897983870967742,0.8278225806451613,-0.02016129032257341,0.0
Parkinsons,4,0.9025641025641026,176,19,4,4,0.14285714285714285,0.16666666666666666,0.00015799999999899228,0.0002545840000038879,0.0004484579999939342,0.0656955000000039,258.0503880801646,415.794303800145,0.5291449771190261,0.5291449771190259,2.220446049250313e-16,0.8860317460317461,0.8293650793650794,0.869047619047619,0.8634920634920636,-1.6984126984127101,3.412698412698423
Parkinsons,5,1.0,195,19,4,3,0.16666666666666666,0.75,0.0001370830000269052,0.000209458000028917,0.0004484579999939342,0.06291287499999498,300.3603347272936,458.94002164854214,0.529126174719367,0.5291261747193667,2.220446049250313e-16,0.8923076923076924,0.841025641025641,0.9076923076923077,0.8717948717948717,1.538461538461533,3.076923076923066
Letter,1,0.6,12000,2000,1,11,0.09090909090909091,0.09090909090909091,0.5619270830000005,0.6909445410000217,0.9589681669999663,187.78243987500002,271.7764288335178,334.175813118799,0.010618671221997908,0.010618671221997911,3.469446951953614e-18,0.09466666666666665,0.12975,0.9354166666666668,0.8830833333333332,84.07500000000002,75.33333333333331
Letter,2,0.7,14000,2000,1,11,0.09090909090909091,1.0,0.6674171670000533,0.8405265420000205,0.9589681669999663,252.79264975,300.75510661267595,378.7625824583859,0.011040693140852783,0.011040693140852782,1.734723475976807e-18,0.09514285714285715,0.1314285714285714,0.942,0.8900714285714286,84.68571428571427,75.86428571428571
Letter,3,0.8,16000,2000,1,11,0.09090909090909091,1.0,0.7708688330000086,0.9925291659999402,0.9589681669999663,332.44683820800014,334.9491879899277,431.2625235011887,0.010595112000752027,0.01059511200075203,3.469446951953614e-18,0.095125,0.1289375,0.9440625,0.8968125,84.89375,76.7875
Letter,4,0.9,18000,2000,1,11,0.09090909090909091,1.0,0.8690735840000343,1.155426043000034,0.9589681669999663,414.99197016699986,359.16792137511794,477.51073995016685,0.010733359301319566,0.010733359301319566,0.0,0.09177777777777778,0.13183333333333333,0.9500555555555555,0.8983333333333334,85.82777777777778,76.65
Letter,5,1.0,20000,2000,1,12,0.08333333333333333,0.9166666666666666,0.9844907919998604,1.3229906669998854,0.9589681669999663,528.5814072500002,399.5352502740263,536.9084317957493,0.011057332105935024,0.011057332105935024,0.0,0.09290000000000001,0.1321,0.9571500000000001,0.9111,86.42500000000001,77.9
