dataset,dataset_name,checkpoint_idx,frac_of_data_seen,n_active,reduct_init_size,reduct_current_size,gap_3nn,gap_svm,refit_time_sec
D1,Wine,0,0.797752808988764,142,5,5,0.0,0.0,0.033622026443481445
D1,Wine,1,0.848314606741573,151,5,6,0.6666666666666599,0.6451612903225823,0.04006028175354004
D1,Wine,2,0.898876404494382,160,5,6,1.2499999999999956,1.2500000000000067,0.042120933532714844
D1,Wine,3,0.949438202247191,169,5,6,0.0,1.17647058823529,0.045580148696899414
D1,Wine,4,1.0,178,5,6,0.5714285714285672,1.126984126984143,0.04768085479736328
D7,Musk,0,0.7983193277310925,380,8,8,0.0,0.0,2.3979878425598145
D7,Musk,1,0.8487394957983193,404,8,7,-1.2314814814814778,0.7530864197530907,2.3661272525787354
D7,Musk,2,0.8991596638655462,428,8,8,1.419972640218914,-2.8235294117647136,2.848612070083618
D7,Musk,3,0.9495798319327731,452,8,5,-3.3308913308913612,-5.526251526251524,2.0725300312042236
D7,Musk,4,1.0,476,8,5,0.2083333333333437,-1.2697368421052513,2.2314250469207764
D6,Urban,0,0.8,540,6,6,0.0,0.0,4.65966796875
D6,Urban,1,0.8488888888888889,573,6,6,0.0,0.0,5.165812015533447
D6,Urban,2,0.8992592592592593,607,6,7,1.1529603034819202,0.9903807072212611,6.474079132080078
D6,Urban,3,0.9496296296296296,641,6,6,-2.1838662790697683,0.7788275193798433,6.257837772369385
D6,Urban,4,1.0,675,6,7,1.185185185185167,4.444444444444451,7.864228010177612
D9,Spambase,0,0.799826124755488,3680,9,9,0.0,0.0,37.112898111343384
D9,Spambase,1,0.8498152575527059,3910,9,9,0.38363171355498826,-0.9462915601023192,43.00299787521362
D9,Spambase,2,0.8998043903499239,4140,9,9,0.9903381642512032,-0.6763285024154686,46.441585063934326
D9,Spambase,3,0.9497935231471419,4370,9,10,0.8009153318077722,3.089244851258577,56.86692810058594
D9,Spambase,4,1.0,4601,9,10,1.0216919227682641,1.9560260586319211,62.150943994522095
