seed,dataset,dataset_name,n,size_init,size_full,jaccard,acc_3nn_init,acc_3nn_full,acc_svm_init,acc_svm_full,gap_3nn_pp,gap_svm_pp,reduct_init,reduct_full,search_sec
3,D1,Wine,178,5,6,0.8333333333333334,0.9830158730158731,0.9774603174603176,0.9831746031746033,0.9887301587301588,-0.5555555555555536,0.5555555555555536,0|4|6|9|12,0|4|6|9|10|12,0.08375716209411621
3,D2,WDBC,569,4,6,0.6666666666666666,0.952553951249806,0.9596180717279925,0.9630957925787922,0.9613414066138798,0.7064120478186497,-0.17543859649123972,1|20|22|27,1|7|10|20|22|27,0.8811259269714355
3,D3,Iono,351,5,6,0.8333333333333334,0.9173440643863181,0.91158953722334,0.9144064386317907,0.9230181086519116,-0.5754527162978085,0.8611670020120865,0|4|5|7|8,0|4|5|6|7|8,0.5857529640197754
3,D4,Derm,366,9,10,0.7272727272727273,0.983598667160311,0.9700111069974083,0.9753794890781192,0.9754165124028138,-1.3587560162902634,0.0037023324694573922,4|5|11|14|19|21|25|30|33,4|5|13|14|19|21|25|26|30|33,0.9006850719451904
3,D5,Sonar,208,5,4,0.5,0.7882694541231127,0.7983739837398375,0.7742160278745643,0.7981416957026713,1.010452961672481,2.392566782810701,10|11|13|16|46,10|11|15|46,0.4721412658691406
3,D6,Urban,675,7,7,0.16666666666666666,0.8696296296296296,0.8488888888888889,0.8355555555555556,0.8592592592592592,-2.0740740740740726,2.370370370370356,3|6|10|18|28|82|90,6|7|11|18|24|68|72,13.938758134841919
3,D7,Musk,476,5,5,0.1111111111111111,0.7373684210526316,0.7982456140350876,0.7351315789473685,0.7793421052631578,6.0877192982456085,4.421052631578936,36|65|67|91|145,58|67|78|150|161,3.804910659790039
3,D8,Arrhy,452,12,9,0.3125,0.676923076923077,0.699023199023199,0.6592918192918193,0.657020757020757,2.210012210012202,-0.22710622710623296,4|7|14|39|89|90|102|111|202|210|258|269,14|51|75|90|102|113|166|258|269,11.775628805160522
3,D9,Spambase,4601,8,10,0.6363636363636364,0.9043652929235708,0.9211006467450312,0.8739385356181844,0.8993667091535666,1.6735353821460408,2.5428173535382292,6|24|26|41|45|51|54|56,6|24|26|27|41|45|51|52|54|55,86.0236508846283
3,D10,Parkinsons,195,3,3,1.0,0.8666666666666666,0.8666666666666666,0.8717948717948719,0.8717948717948719,0.0,0.0,0|10|18,0|10|18,0.1133110523223877
3,D12,Letter,20000,11,12,0.9166666666666666,0.95135,0.9563,0.90175,0.9106500000000001,0.495000000000001,0.8900000000000019,2|6|7|8|9|10|11|12|13|14|15,2|5|6|7|8|9|10|11|12|13|14|15,941.4290280342102
4,D1,Wine,178,6,6,1.0,0.9774603174603176,0.9774603174603176,0.9887301587301588,0.9887301587301588,0.0,0.0,0|4|6|9|10|12,0|4|6|9|10|12,0.08910107612609863
4,D2,WDBC,569,6,6,1.0,0.9560937742586555,0.9560937742586555,0.9613258810743673,0.9613258810743673,0.0,0.0,1|7|10|20|22|27,1|7|10|20|22|27,1.0233700275421143
4,D3,Iono,351,7,6,0.8571428571428571,0.9059959758551306,0.920241448692153,0.9430181086519115,0.9315492957746478,1.4245472837022377,-1.1468812877263646,0|4|5|6|7|8|9,0|4|5|6|7|8,0.6681540012359619
4,D4,Derm,366,9,10,0.9,0.9535727508330248,0.9781192151055164,0.9699370603480192,0.9726767863754164,2.454646427249152,0.2739726027397249,4|5|13|14|19|21|26|30|33,4|5|13|14|19|21|25|26|30|33,0.9282498359680176
4,D5,Sonar,208,4,4,0.14285714285714285,0.7548199767711962,0.7982578397212542,0.7353077816492452,0.7789779326364691,4.343786295005803,4.367015098722393,3|10|14|44,10|11|15|46,0.4395420551300049
4,D6,Urban,675,4,7,0.375,0.8074074074074075,0.8459259259259259,0.8192592592592594,0.8533333333333332,3.8518518518518396,3.4074074074073812,11|18|24|103,6|7|11|18|24|68|72,11.898725986480713
4,D7,Musk,476,5,5,0.1111111111111111,0.7143859649122807,0.7900438596491227,0.7164035087719298,0.7837061403508772,7.5657894736842035,6.730263157894734,30|67|69|91|147,58|67|78|150|161,3.8823018074035645
4,D8,Arrhy,452,14,9,0.35294117647058826,0.6948717948717948,0.6991941391941392,0.6725763125763126,0.6659096459096459,0.43223443223443514,-0.666666666666671,2|10|14|90|94|102|111|113|210|225|239|258|259|269,14|51|75|90|102|113|166|258|269,12.848427057266235
4,D9,Spambase,4601,8,10,0.6363636363636364,0.9054546098286362,0.9202346221026294,0.8704623990936128,0.8995878770712364,1.478001227399317,2.912547797762366,6|23|24|26|27|45|51|54,6|24|26|27|41|45|51|52|54|55,84.05682015419006
4,D10,Parkinsons,195,4,3,0.4,0.887179487179487,0.8820512820512821,0.8717948717948719,0.8666666666666668,-0.5128205128204888,-0.512820512820511,0|5|10|21,0|10|18,0.12415194511413574
4,D12,Letter,20000,11,12,0.9166666666666666,0.9536,0.9573,0.9021000000000001,0.9116,0.37000000000000366,0.9499999999999842,2|6|7|8|9|10|11|12|13|14|15,2|5|6|7|8|9|10|11|12|13|14|15,915.5015888214111
5,D1,Wine,178,5,6,0.8333333333333334,0.9831746031746033,0.9774603174603176,0.9831746031746033,0.9887301587301588,-0.5714285714285672,0.5555555555555536,0|6|9|10|12,0|4|6|9|10|12,0.08403682708740234
5,D2,WDBC,569,5,6,0.5714285714285714,0.943766495885732,0.9613414066138798,0.9490141282409563,0.9648346530041918,1.7574910728147763,1.5820524763235477,10|20|22|23|27,1|7|10|20|22|27,0.9682900905609131
5,D3,Iono,351,6,6,0.7142857142857143,0.9001207243460765,0.9144064386317907,0.928692152917505,0.9258752515090544,1.4285714285714235,-0.28169014084505895,0|4|5|7|8|14,0|4|5|6|7|8,0.6319329738616943
5,D4,Derm,366,10,10,0.8181818181818182,0.9754165124028138,0.9781932617549056,0.9699370603480192,0.9808589411329137,0.2776749352091823,1.0921880784894533,4|5|7|13|14|19|21|26|30|33,4|5|13|14|19|21|25|26|30|33,0.9559919834136963
5,D5,Sonar,208,6,4,0.42857142857142855,0.8125435540069686,0.7938443670150986,0.784088269454123,0.8182346109175377,-1.869918699187001,3.4146341463414664,10|11|15|39|44|50,10|11|15|46,0.5137069225311279
5,D6,Urban,675,8,7,0.36363636363636365,0.8651851851851852,0.837037037037037,0.8162962962962963,0.842962962962963,-2.8148148148148144,2.6666666666666727,7|11|18|24|39|66|88|96,6|7|11|18|24|68|72,14.745322942733765
5,D7,Musk,476,8,5,0.08333333333333333,0.7898684210526316,0.7814692982456141,0.7415570175438596,0.7646271929824563,-0.839912280701749,2.3070175438596685,2|3|20|32|36|67|91|101,58|67|78|150|161,4.768018007278442
5,D8,Arrhy,452,10,9,0.26666666666666666,0.7190720390720391,0.7034676434676435,0.6947496947496947,0.6593650793650794,-1.5604395604395638,-3.5384615384615348,14|90|92|102|111|170|189|237|258|276,14|51|75|90|102|113|166|258|269,11.099359035491943
5,D9,Spambase,4601,8,10,0.5,0.9119758768824058,0.9228407213331445,0.8737194920455081,0.9002367464476231,1.0864844450738764,2.6517254402114943,6|15|22|24|26|45|54|55,6|24|26|27|41|45|51|52|54|55,84.44107913970947
5,D10,Parkinsons,195,4,3,0.75,0.876923076923077,0.8923076923076924,0.8717948717948717,0.8615384615384615,1.538461538461533,-1.025641025641022,0|10|13|18,0|10|18,0.12867307662963867
5,D12,Letter,20000,11,12,0.9166666666666666,0.9535,0.95855,0.9019,0.9111499999999999,0.5049999999999999,0.9249999999999869,2|6|7|8|9|10|11|12|13|14|15,2|5|6|7|8|9|10|11|12|13|14|15,924.402446269989
