seed,dataset_name,n,p,size_init,g_init,g_end,g_full,add_best_init,add_best,same_reduct,sec
42,Wine,178,13,5,0.775760693449091,0.7924402563953682,0.8064924200616126,0.7811344647077338,0.8064924200616126,False,0.002874135971069336
42,Iono,351,34,8,0.5667759491832509,0.5580801430566672,0.5685682228476255,0.574938057183211,0.5745302249493115,False,0.014085769653320312
42,Sonar,208,60,4,0.4437660992205764,0.4176355338120631,0.4176355338120631,0.44007432023394133,0.41904925333848975,True,0.01166534423828125
42,Derm,366,34,9,0.794826319912749,0.8042364696531397,0.8172433422235866,0.8021054536823706,0.8097473567807848,False,0.016876935958862305
42,WDBC,569,30,7,0.7040614872407641,0.7073047324035144,0.6953424145640547,0.708498866799818,0.711334988815131,False,0.0311429500579834
42,Musk,476,166,8,0.352480243895628,0.34434271075297834,0.3461933365400635,0.3589171712684581,0.3549787077491541,False,0.12340283393859863
42,Parkinsons,195,22,3,0.5368000610898614,0.5348398671202937,0.5558679561778036,0.5385988262453085,0.5486281318207303,False,0.004857778549194336
0,Wine,178,13,5,0.8281874676300648,0.7924402563953682,0.8064924200616126,0.827722880977285,0.8064924200616126,False,0.002920866012573242
0,WDBC,569,30,3,0.7232921790241633,0.6234400350523808,0.6953424145640547,0.7246417738395595,0.6828991140705701,False,0.034036874771118164
0,Iono,351,34,6,0.5568090742173839,0.5685682228476255,0.5685682228476255,0.5608737052713725,0.5738476157128192,True,0.015207767486572266
42,Arrhy,452,279,10,0.3752626233412009,0.3479649627257555,0.34574035654507274,0.37773086469551326,0.3531043429535773,False,0.19028472900390625
0,Derm,366,34,9,0.8194629496531376,0.8000514551396104,0.8172433422235866,0.8252713575807834,0.8105465248527354,False,0.015866994857788086
0,Sonar,208,60,5,0.41642767737867187,0.4108668256896919,0.4176355338120631,0.4237144490221978,0.4177183370213699,False,0.011593103408813477
42,Urban,675,147,6,0.4758123384460439,0.4473411176901465,0.4553864679640685,0.48325024180062987,0.4576670564162735,False,0.2261340618133545
0,Musk,476,166,3,0.2971462668878043,0.29481966010521515,0.3461933365400635,0.3027432481540853,0.3044546648532168,False,0.12461185455322266
0,Arrhy,452,279,7,0.3603631731043165,0.3358282218431228,0.34574035654507274,0.3667923846689821,0.35186192138345074,False,0.19018268585205078
0,Parkinsons,195,22,2,0.6006195967816067,0.4979364134137466,0.5558679561778036,0.6037411381533231,0.5333403577927746,False,0.005002021789550781
1,Wine,178,13,6,0.7880692175122992,0.8064924200616126,0.8064924200616126,0.7785138974243933,0.7916398247427654,True,0.0029680728912353516
0,Urban,675,147,5,0.4661075738535275,0.4360693328443531,0.4553864679640685,0.47532303260746434,0.4512907867243527,False,0.22841978073120117
1,Iono,351,34,6,0.5568226145795699,0.5449266366044846,0.5685682228476255,0.5616473550583603,0.5571161659202776,False,0.01585102081298828
1,WDBC,569,30,6,0.6869185649719105,0.6869957521522719,0.6953424145640547,0.6942337851411899,0.6979388096540798,False,0.03153109550476074
1,Derm,366,34,10,0.829854346266901,0.8113680933643767,0.8172433422235866,0.8310229712014424,0.821237382914352,False,0.014553070068359375
1,Sonar,208,60,6,0.41488022822921905,0.4232885174662811,0.4176355338120631,0.4138132043933667,0.42235728118808125,False,0.011410951614379883
1,Musk,476,166,6,0.3550225498429281,0.3522739067772983,0.3461933365400635,0.3619300420282869,0.35941022872098444,False,0.1255941390991211
1,Urban,675,147,5,0.4648765613124488,0.4398442161532064,0.4553864679640685,0.4707377848337664,0.4486830002989,False,0.23264384269714355
1,Arrhy,452,279,10,0.3762138773178246,0.35213798364635845,0.34574035654507274,0.38394793514441294,0.362246456647585,False,0.19219517707824707
1,Parkinsons,195,22,4,0.5667664081177511,0.555230745585877,0.5558679561778036,0.5740389386865931,0.5628232766875363,False,0.00406193733215332
2,Wine,178,13,3,0.7629870701154577,0.7447298125741514,0.8064924200616126,0.7678425927262588,0.7660983669922525,False,0.002444028854370117
2,WDBC,569,30,7,0.7305106372064608,0.7096322934519184,0.6953424145640547,0.7327662537707251,0.7127778594918929,False,0.03013920783996582
2,Iono,351,34,6,0.5668129192178993,0.5685682228476255,0.5685682228476255,0.5702212555576431,0.5738476157128192,True,0.016093015670776367
2,Derm,366,34,11,0.8494143065017753,0.8014087857803861,0.8172433422235866,0.853971527722179,0.8127738240806827,False,0.014950990676879883
2,Sonar,208,60,5,0.44545079304147006,0.3905852245062278,0.4176355338120631,0.4469794196356189,0.42121851031223684,False,0.011536121368408203
2,Urban,675,147,5,0.4589980019363321,0.4434219246365816,0.4553864679640685,0.46261693346996,0.4486980564880143,False,0.24196720123291016
2,Musk,476,166,6,0.3652729136339633,0.3487686360619772,0.3461933365400635,0.3705724954120818,0.3594149880417271,False,0.12819194793701172
2,Arrhy,452,279,9,0.3621760454181184,0.3529000669155925,0.34574035654507274,0.36880263600443125,0.36141673438380856,False,0.19127392768859863
42,Spambase,4601,57,9,0.39918330893125314,0.38417451082155407,0.40673207830533686,0.4045101418595399,0.39004767194028045,False,4.434976816177368
2,Parkinsons,195,22,4,0.54629515207784,0.5536265253695678,0.5558679561778036,0.5546666496791602,0.5617185473141115,False,0.004701137542724609
3,Wine,178,13,5,0.8116394334851297,0.7924402563953682,0.8064924200616126,0.8131401566410696,0.8064924200616126,False,0.002753019332885742
3,WDBC,569,30,4,0.7387333588678636,0.6398909856615937,0.6953424145640547,0.7443753781115744,0.6952100176364282,False,0.03276681900024414
3,Iono,351,34,5,0.5663007421462256,0.5653191393529547,0.5685682228476255,0.5683787176808635,0.5685682228476255,False,0.015629053115844727
3,Derm,366,34,9,0.7980924423071398,0.7956754440800959,0.8172433422235866,0.8040328773854801,0.8117732748047067,False,0.015334844589233398
3,Sonar,208,60,5,0.4428126067920139,0.4166705777572171,0.4176355338120631,0.4511959635800975,0.42127149004107334,False,0.010953903198242188
0,Spambase,4601,57,10,0.40747203446070135,0.40673207830533686,0.40673207830533686,0.40938099144618295,0.4076850247156372,True,4.276777029037476
3,Musk,476,166,5,0.34651821515961395,0.31273531272813615,0.3461933365400635,0.3541109146430374,0.331343087886162,False,0.12448310852050781
3,Urban,675,147,7,0.4759399968406692,0.45554476335799865,0.4553864679640685,0.4793498717990624,0.4593225155806119,False,0.2259230613708496
3,Arrhy,452,279,12,0.3665218225506411,0.33204713649811207,0.34574035654507274,0.3723805012777282,0.347178144326576,False,0.19331979751586914
3,Parkinsons,195,22,3,0.5470667522272937,0.5558679561778036,0.5558679561778036,0.5527375390763584,0.5619227738120197,True,0.00498509407043457
4,Wine,178,13,6,0.8273077132384647,0.8064924200616126,0.8064924200616126,0.80844022280581,0.7916398247427654,True,0.002851724624633789
4,WDBC,569,30,6,0.696764420945211,0.6953424145640547,0.6953424145640547,0.6989742233625134,0.6979388096540798,True,0.03238487243652344
1,Spambase,4601,57,9,0.41189188465711474,0.3825337125679851,0.40673207830533686,0.41817096660766134,0.3889207029718219,False,4.2797980308532715
4,Iono,351,34,7,0.5903981983629933,0.5738476157128192,0.5685682228476255,0.5903981983629933,0.5822883342382466,False,0.01562809944152832
4,Derm,366,34,9,0.8164304555051424,0.8069236705795007,0.8172433422235866,0.8226539189596332,0.8172659939075203,False,0.015415191650390625
4,Sonar,208,60,4,0.40066699608249096,0.37707313762584627,0.4176355338120631,0.40155443527457496,0.39576444362245883,False,0.011492729187011719
4,Musk,476,166,5,0.3343476306290968,0.31987753702224514,0.3461933365400635,0.34300617150760726,0.33008676743337834,False,0.12455892562866211
4,Urban,675,147,4,0.45514781133380405,0.4308749435362405,0.4553864679640685,0.46183063957778797,0.4437259602428366,False,0.22764801979064941
4,Arrhy,452,279,14,0.40456372046197137,0.36833867697179035,0.34574035654507274,0.40944777141498095,0.37871057770361316,False,0.1867530345916748
4,Parkinsons,195,22,4,0.5758660178428281,0.5518320641188041,0.5558679561778036,0.579464159785786,0.5549440202264879,False,0.0045506954193115234
5,Wine,178,13,5,0.8041567916607067,0.7899550705111366,0.8064924200616126,0.8116673487532109,0.8064924200616126,False,0.0026319026947021484
5,WDBC,569,30,5,0.7463371024049279,0.6797082315626344,0.6953424145640547,0.748012854092598,0.6988192932282157,False,0.032338857650756836
5,Iono,351,34,6,0.5951463325223263,0.5563088697020698,0.5685682228476255,0.5970740746113892,0.5563088697020698,False,0.015455007553100586
5,Derm,366,34,10,0.8353266888048786,0.8113680933643767,0.8172433422235866,0.8372423686526325,0.821237382914352,False,0.015244722366333008
5,Sonar,208,60,6,0.4157572089274345,0.4232885174662811,0.4176355338120631,0.4105125315744068,0.42235728118808125,False,0.01110386848449707
5,Urban,675,147,8,0.4860321980686923,0.46417295663616703,0.4553864679640685,0.48825277784541193,0.46801188593977194,False,0.22287511825561523
5,Musk,476,166,8,0.3535492723028938,0.34133839459923604,0.3461933365400635,0.35807856980363467,0.34792833385275984,False,0.12185382843017578
2,Spambase,4601,57,8,0.38657865136137265,0.37187091803401046,0.40673207830533686,0.3941557751141923,0.3799572280130979,False,4.465186834335327
5,Arrhy,452,279,10,0.37737407929611005,0.36640785796857983,0.34574035654507274,0.38350867541617395,0.37399504364955166,False,0.18627214431762695
5,Parkinsons,195,22,4,0.5841890732864664,0.5582371910308482,0.5558679561778036,0.5886401162453038,0.5643140277605253,False,0.004364728927612305
6,Wine,178,13,6,0.8233513061380368,0.8064924200616126,0.8064924200616126,0.8173656506260417,0.7916398247427654,True,0.0024733543395996094
6,WDBC,569,30,5,0.746166579142892,0.640758891676273,0.6953424145640547,0.7472665299907416,0.6988192932282157,False,0.03154301643371582
6,Iono,351,34,6,0.5351238878056337,0.5236436505806228,0.5685682228476255,0.5412035321624142,0.532821553690426,False,0.015058040618896484
6,Derm,366,34,12,0.8546445991026619,0.8163356619561442,0.8172433422235866,0.8586670157048846,0.8251018851138532,False,0.014198780059814453
6,Sonar,208,60,4,0.39578606271683797,0.37358982055743106,0.4176355338120631,0.40448424312234815,0.3944714220420109,False,0.010750293731689453
6,Urban,675,147,6,0.46759440494370164,0.4441309462309289,0.4553864679640685,0.47188910933859574,0.45050851203241715,False,0.22461891174316406
6,Musk,476,166,6,0.35601632714226733,0.3421648175679105,0.3461933365400635,0.3649369038513407,0.35238607688257073,False,0.12330126762390137
6,Arrhy,452,279,8,0.3848816369344207,0.3639590517486207,0.34574035654507274,0.3881767164622635,0.37707108354396407,False,0.18609833717346191
3,Spambase,4601,57,8,0.4070416443312004,0.3879192854776816,0.40673207830533686,0.4145977400940767,0.394277745533629,False,4.354642868041992
6,Parkinsons,195,22,3,0.5457989802860334,0.5558679561778036,0.5558679561778036,0.5523179653451716,0.5619227738120197,True,0.004770040512084961
7,Wine,178,13,5,0.8099488905537148,0.7899550705111366,0.8064924200616126,0.818998901124047,0.8064924200616126,False,0.002605915069580078
7,WDBC,569,30,6,0.6879008264360269,0.6953424145640547,0.6953424145640547,0.690891559289707,0.6979388096540798,True,0.03148007392883301
7,Iono,351,34,6,0.5666155827900959,0.5276303253256206,0.5685682228476255,0.56950189139581,0.5391366957738866,False,0.015402078628540039
7,Derm,366,34,9,0.8253559723243122,0.8069236705795007,0.8172433422235866,0.828807381936179,0.8172659939075203,False,0.01553201675415039
7,Sonar,208,60,5,0.41070248531687864,0.4108727524948535,0.4176355338120631,0.4127582944547914,0.4178467287709775,False,0.010928153991699219
7,Urban,675,147,4,0.43543248159014497,0.42449617154938635,0.4553864679640685,0.4432982601509342,0.43412269709755524,False,0.229705810546875
7,Musk,476,166,6,0.35546368840440207,0.354254999303183,0.3461933365400635,0.3602749450622314,0.35828173243487216,False,0.12293410301208496
4,Spambase,4601,57,8,0.3851872265602655,0.37805205822806726,0.40673207830533686,0.3937550406649263,0.3912671519468382,False,4.324155807495117
7,Arrhy,452,279,6,0.31565939261820325,0.3061982265074935,0.34574035654507274,0.32045506068650526,0.3177552167124176,False,0.1903378963470459
7,Parkinsons,195,22,3,0.5571515785004154,0.5493161496560386,0.5558679561778036,0.5602715208728157,0.561968841537001,False,0.004701852798461914
8,Wine,178,13,6,0.8130966056204096,0.8064924200616126,0.8064924200616126,0.8054207380620921,0.7916398247427654,True,0.002557039260864258
8,WDBC,569,30,7,0.70628930420713,0.6977440018329853,0.6953424145640547,0.7090284620750507,0.7015576951880231,False,0.03151369094848633
8,Iono,351,34,7,0.5570298395899065,0.5167520915791239,0.5685682228476255,0.5601538571425813,0.5443667514769852,False,0.015288114547729492
8,Derm,366,34,9,0.8617418595923023,0.7951053327686876,0.8172433422235866,0.8672635163811981,0.8114597314038632,False,0.016096115112304688
8,Sonar,208,60,5,0.4284115549032807,0.41586767136014846,0.4176355338120631,0.43200634387396797,0.42137641880964416,False,0.01125478744506836
8,Urban,675,147,5,0.47533414425703174,0.44649911966708067,0.4553864679640685,0.4841351114056221,0.45329344080356127,False,0.23649907112121582
8,Musk,476,166,9,0.37541986916641623,0.35406236008961245,0.3461933365400635,0.3851842504948889,0.36576041587917246,False,0.12392282485961914
5,Spambase,4601,57,8,0.376187103459861,0.3739955179290717,0.40673207830533686,0.3856135854642142,0.3843955307964548,False,4.397025108337402
8,Arrhy,452,279,8,0.33657734392329025,0.3072840752746738,0.34574035654507274,0.34330577232800136,0.31954166640527204,False,0.19022178649902344
8,Parkinsons,195,22,4,0.547674717083506,0.5536265253695678,0.5558679561778036,0.5571569092310796,0.5617185473141115,False,0.004537105560302734
6,Spambase,4601,57,9,0.3950240414128879,0.3936857056901968,0.40673207830533686,0.3988408514710307,0.3995785975491341,False,4.323584079742432
7,Spambase,4601,57,9,0.4003511101275993,0.39706616759212165,0.40673207830533686,0.4051514329687278,0.40673207830533686,False,4.520534992218018
8,Spambase,4601,57,8,0.3859574251256228,0.37805205822806726,0.40673207830533686,0.39435236741463364,0.3912671519468382,False,4.651444911956787
0,Letter,20000,16,12,0.5010910513680384,0.5071152691371785,0.5071152691371785,0.49118753079224126,0.49798033703511546,True,22.517030954360962
42,Letter,20000,16,11,0.4975663270998348,0.5026919412705818,0.5071152691371785,0.5017160050470652,0.507119880877283,False,23.39772081375122
1,Letter,20000,16,11,0.49674110277891664,0.5026919412705818,0.5071152691371785,0.5009466133925908,0.507119880877283,False,23.55159091949463
2,Letter,20000,16,11,0.49850660221391274,0.5026919412705818,0.5071152691371785,0.5025927946671905,0.507119880877283,False,23.288100242614746
3,Letter,20000,16,11,0.49627118345575877,0.5026919412705818,0.5071152691371785,0.5002805031366824,0.507119880877283,False,23.066459894180298
4,Letter,20000,16,11,0.4971941067648751,0.5026919412705818,0.5071152691371785,0.5017044941138169,0.507119880877283,False,22.972026109695435
5,Letter,20000,16,11,0.4975992316212654,0.5026919412705818,0.5071152691371785,0.5016650093551726,0.507119880877283,False,22.901763677597046
6,Letter,20000,16,1,0.01597047532115372,0.011057332105935026,0.5071152691371785,0.021738405877687987,0.02139720698775372,False,31.36913776397705
7,Letter,20000,16,12,0.5018595990166542,0.5071152691371785,0.5071152691371785,0.49297752255758565,0.49798033703511546,True,20.54589605331421
8,Letter,20000,16,11,0.4971468190566922,0.5026919412705818,0.5071152691371785,0.5008250916916648,0.507119880877283,False,21.285796880722046
