dataset_name,gamma_gram,gamma_direct,abs_diff,max_abs_distance_diff
Wine,0.8064924200616125,0.8064924200616125,0.0,2.9802322387695312e-08
WDBC,0.6953424145640545,0.6953424145640545,0.0,2.9802322387695312e-08
Iono,0.5685682228476253,0.5685682228476253,0.0,4.2146848510894035e-08
Derm,0.8177580729551418,0.8172433422235866,0.0005147307315551686,4.2146848510894035e-08
Sonar,0.4176355338120631,0.4176355338120631,0.0,2.1073424255447017e-08
Urban,0.45538646796406856,0.45538646796406856,0.0,2.9802322387695312e-08
Musk,0.3461933365400635,0.3461933365400635,0.0,2.9802322387695312e-08
Arrhy,0.3457403565450727,0.3457403565450727,0.0,2.9802322387695312e-08
Spambase,0.4067235908973014,0.40673207830533686,8.487408035440236e-06,1.0536712127723509e-08
Parkinsons,0.5558679561778035,0.5558679561778035,0.0,2.1073424255447017e-08
