dataset,dataset_name,precision,jaccard_init_full,reduct_init_size,reduct_full_size
D7,Musk,2,0.0,8,5
D7,Musk,3,0.16666666666666666,26,16
D7,Musk,4,0.10869565217391304,31,20
D7,Musk,5,0.13953488372093023,29,20
D7,Musk,15,0.13953488372093023,29,20
D6,Urban,2,0.3,6,7
D6,Urban,3,0.2777777777777778,8,15
D6,Urban,4,0.3684210526315789,10,16
D6,Urban,5,0.3684210526315789,10,16
D6,Urban,15,0.3684210526315789,10,16
D1,Wine,2,0.8333333333333334,5,6
D1,Wine,3,1.0,6,6
D1,Wine,4,1.0,6,6
D1,Wine,5,1.0,6,6
D1,Wine,15,1.0,6,6
