dataset_name,n,p,full,stream,init,speedup,eval,m,evratio
Arrhy,452,279,5.66251802444458,0.0030283719999999,0.0030323749999998,1869.8224737399391,0.0030721249999999,91,92.31474039516947
Derm,366,34,0.4947271347045898,0.0022258329999984,0.002093208,222.26606160702326,0.002142375,74,71.22535697876434
Iono,351,34,0.3324809074401855,0.0021679690000002,0.001916292,153.36054502631487,0.0019715839999999,71,64.56848045335518
Isolet,7797,617,3083.1613759994507,0.3191849739999988,0.8473893749999997,9659.48157697255,1.0807220420000003,1560,5281.972908662069
Letter,20000,16,542.5695610046387,2.0710189739995286,6.09914745799999,261.98193633969197,5.847688708,4000,11294.321841401596
Musk,476,166,1.9501378536224363,0.0032087449999975,0.0031637499999999,607.7571928040264,0.003082625,96,92.22671168953299
Parkinsons,195,22,0.0606892108917236,0.0009486829999958,0.000753875,63.97206537061619,0.0006663749999997,39,27.39442469202395
Sonar,208,60,0.2199399471282959,0.0011027489999992,0.000841375,199.44697036991687,0.0008810419999999,42,33.55592614459197
Spambase,4601,57,48.043676137924194,0.1042001779999832,0.2247190839999997,461.0709603387812,0.224615416,921,1985.3209668800505
Urban,675,147,7.944246053695679,0.0055128260000005,0.008261209,1441.0478498133186,0.007897167,135,193.38857148763688
WDBC,569,30,0.5483958721160889,0.0036829339999997,0.0047475409999999,148.90190052717034,0.004139833,114,128.1426607156247
Wine,178,13,0.0450849533081054,0.0009300739999997,0.000699042,48.47458729963416,0.000647041,36,25.044755578596448
