dataset,dataset_name,stream_type,step,n_active,frac_of_stream,reduct_used,acc_3nn_mean,acc_3nn_std,acc_svm_mean,acc_svm_std
D11,Isolet,iid,0,6238,0.000641025641025641,B_init,0.8235023029630086,0.009149199245599978,0.8550784703801945,0.013442509141611124
D11,Isolet,iid,389,6627,0.25,B_init,0.8296395458038077,0.012168885340925552,0.8575539429124335,0.008995550413445687
D11,Isolet,iid,779,7017,0.5,B_init,0.826707624890091,0.008281289151372705,0.8562050591630064,0.015201364802168816
D11,Isolet,iid,1169,7407,0.75,B_init,0.8311054736514063,0.005548447668645683,0.8574329268348245,0.004963017749555924
D11,Isolet,iid,1559,7797,1.0,B_init,0.8307054160293417,0.011070804367311657,0.8582788934392527,0.006188835699038875
D11,Isolet,iid,1559,7797,1.0,B_full,0.8376308777816155,0.004648760065550541,0.8648200687488693,0.003113691105530598
D11,Isolet,class_sorted,0,6238,0.000641025641025641,B_init,0.823341146957827,0.007277218457081951,0.8549182139699381,0.012710572812407098
D11,Isolet,class_sorted,389,6627,0.25,B_init,0.8261639773471072,0.005402422688214449,0.8551372549019607,0.007207508932790301
D11,Isolet,class_sorted,779,7017,0.5,B_init,0.8301265298414264,0.00580655237498626,0.8594831384924044,0.007551472281603886
D11,Isolet,class_sorted,1169,7407,0.75,B_init,0.829888802929778,0.008865057844709364,0.858511273248826,0.005726887969103017
D11,Isolet,class_sorted,1559,7797,1.0,B_init,0.8307054160293417,0.011070804367311657,0.8582788934392527,0.006188835699038875
