dataset,stream_type,step,n,gamma_incremental,gamma_groundtruth,abs_diff,delta_max_abs_diff,delta_inf_mismatch,gsize_mismatch,cache_vs_fresh_max_abs_diff
D11,iid,0,6238,0.4452941262433091,0.44529412624330894,1.6653345369377348e-16,0.0,0,0,0.0
D11,iid,25,6263,0.4458872702672867,0.4458872702672867,0.0,0.0,0,0,0.0
D11,iid,50,6288,0.44615620458295246,0.4461562045829524,5.551115123125783e-17,0.0,0,0,0.0
D11,iid,75,6313,0.44624123199305893,0.4462412319930589,5.551115123125783e-17,0.0,0,0,0.0
D11,iid,100,6338,0.4463399476545697,0.44633994765457,3.3306690738754696e-16,0.0,0,0,0.0
D11,iid,125,6363,0.4466880793144768,0.44668807931447685,5.551115123125783e-17,0.0,0,0,0.0
D11,iid,150,6388,0.4467923853608674,0.4467923853608676,2.220446049250313e-16,0.0,0,0,0.0
D11,iid,175,6413,0.4467391307761111,0.44673913077611144,3.3306690738754696e-16,0.0,0,0,0.0
D11,iid,200,6438,0.4466574669737548,0.4466574669737551,2.7755575615628914e-16,0.0,0,0,0.0
D11,iid,225,6463,0.4466722498633816,0.44667224986338155,5.551115123125783e-17,0.0,0,0,0.0
D11,iid,250,6488,0.4468314650414645,0.44683146504146454,5.551115123125783e-17,0.0,0,0,0.0
D11,iid,275,6513,0.4464021494391597,0.44640214943915985,1.6653345369377348e-16,0.0,0,0,0.0
D11,iid,300,6538,0.446172046741237,0.4461720467412372,2.220446049250313e-16,0.0,0,0,0.0
D11,iid,325,6563,0.4455605645564514,0.44556056455645165,2.7755575615628914e-16,0.0,0,0,0.0
D11,iid,350,6588,0.4457971296570804,0.4457971296570806,2.220446049250313e-16,0.0,0,0,0.0
D11,iid,375,6613,0.44588574808251885,0.4458857480825189,5.551115123125783e-17,0.0,0,0,0.0
D11,iid,400,6638,0.44604733864053525,0.44604733864053525,0.0,0.0,0,0,0.0
D11,iid,425,6663,0.4449049569962219,0.444904956996222,1.1102230246251565e-16,0.0,0,0,0.0
D11,iid,450,6688,0.4452413006760711,0.4452413006760712,1.1102230246251565e-16,0.0,0,0,0.0
D11,iid,475,6713,0.44529191149779124,0.44529191149779146,2.220446049250313e-16,0.0,0,0,0.0
D11,iid,500,6738,0.44452350796505363,0.44452350796505397,3.3306690738754696e-16,0.0,0,0,0.0
D11,iid,525,6763,0.4447120234946984,0.44471202349469846,5.551115123125783e-17,0.0,0,0,0.0
D11,iid,550,6788,0.4446430345227418,0.44464303452274206,2.7755575615628914e-16,0.0,0,0,0.0
D11,iid,575,6813,0.44403493663098953,0.44403493663098986,3.3306690738754696e-16,0.0,0,0,0.0
D11,iid,600,6838,0.4432424026883571,0.44324240268835724,1.6653345369377348e-16,0.0,0,0,0.0
D11,iid,625,6863,0.4430145106923394,0.4430145106923397,3.3306690738754696e-16,0.0,0,0,0.0
D11,iid,650,6888,0.44313503974932966,0.44313503974933033,6.661338147750939e-16,0.0,0,0,0.0
D11,iid,675,6913,0.44290389665803415,0.4429038966580346,4.440892098500626e-16,0.0,0,0,0.0
D11,iid,700,6938,0.4429526353791954,0.44295263537919594,5.551115123125783e-16,0.0,0,0,0.0
D11,iid,725,6963,0.4414323860514604,0.44143238605146085,4.440892098500626e-16,0.0,0,0,0.0
D11,iid,750,6988,0.44137052213608213,0.4413705221360826,4.440892098500626e-16,0.0,0,0,0.0
D11,iid,775,7013,0.4410130623333815,0.44101306233338217,6.661338147750939e-16,0.0,0,0,0.0
D11,iid,800,7038,0.44048851109426423,0.4404885110942653,1.0547118733938987e-15,0.0,0,0,0.0
D11,iid,825,7063,0.44053648165049025,0.44053648165049125,9.992007221626409e-16,0.0,0,0,0.0
D11,iid,850,7088,0.4405716969493164,0.4405716969493173,8.881784197001252e-16,0.0,0,0,0.0
D11,iid,875,7113,0.440696780455481,0.44069678045548183,8.326672684688674e-16,0.0,0,0,0.0
D11,iid,900,7138,0.44082868810925047,0.4408286881092514,9.43689570931383e-16,0.0,0,0,0.0
D11,iid,925,7163,0.4409308568025141,0.4409308568025149,8.326672684688674e-16,0.0,0,0,0.0
D11,iid,950,7188,0.44054042195551735,0.44054042195551824,8.881784197001252e-16,0.0,0,0,0.0
D11,iid,975,7213,0.44034842100087224,0.4403484210008733,1.0547118733938987e-15,0.0,0,0,0.0
D11,iid,1000,7238,0.4407415255470736,0.44074152554707463,1.0547118733938987e-15,0.0,0,0,0.0
D11,iid,1025,7263,0.4403966865840033,0.44039668658400416,8.326672684688674e-16,0.0,0,0,0.0
D11,iid,1050,7288,0.4402235664801935,0.4402235664801943,7.771561172376096e-16,0.0,0,0,0.0
D11,iid,1075,7313,0.43988085650437037,0.43988085650437125,8.881784197001252e-16,0.0,0,0,0.0
D11,iid,1100,7338,0.43958478186854694,0.4395847818685479,9.43689570931383e-16,0.0,0,0,0.0
D11,iid,1125,7363,0.43965832124078025,0.4396583212407812,9.43689570931383e-16,0.0,0,0,0.0
D11,iid,1150,7388,0.43939384730153164,0.4393938473015325,8.881784197001252e-16,0.0,0,0,0.0
D11,iid,1175,7413,0.439480633491522,0.4394806334915228,7.771561172376096e-16,0.0,0,0,0.0
D11,iid,1200,7438,0.4386250837325588,0.4386250837325597,8.881784197001252e-16,0.0,0,0,0.0
D11,iid,1225,7463,0.438420610286685,0.43842061028668583,8.326672684688674e-16,0.0,0,0,0.0
D11,iid,1250,7488,0.43840218671202796,0.4384021867120291,1.1102230246251565e-15,0.0,0,0,0.0
D11,iid,1275,7513,0.43837716414569705,0.43837716414569816,1.1102230246251565e-15,0.0,0,0,0.0
D11,iid,1300,7538,0.4384292049571111,0.43842920495711213,1.0547118733938987e-15,0.0,0,0,0.0
D11,iid,1325,7563,0.4381375879446497,0.43813758794465074,1.0547118733938987e-15,0.0,0,0,0.0
D11,iid,1350,7588,0.4381094718511627,0.43810947185116356,8.326672684688674e-16,0.0,0,0,0.0
D11,iid,1375,7613,0.43822692077928727,0.43822692077928804,7.771561172376096e-16,0.0,0,0,0.0
D11,iid,1400,7638,0.43830905794660013,0.4383090579466008,6.661338147750939e-16,0.0,0,0,0.0
D11,iid,1425,7663,0.4379994963718347,0.4379994963718358,1.0547118733938987e-15,0.0,0,0,0.0
D11,iid,1450,7688,0.4379269370765511,0.4379269370765519,7.771561172376096e-16,0.0,0,0,0.0
D11,iid,1475,7713,0.43819096545250796,0.43819096545250885,8.881784197001252e-16,0.0,0,0,0.0
D11,iid,1500,7738,0.4374279213746631,0.437427921374664,9.43689570931383e-16,0.0,0,0,0.0
D11,iid,1525,7763,0.43733906954865337,0.43733906954865437,9.992007221626409e-16,0.0,0,0,0.0
D11,iid,1550,7788,0.4374028382719232,0.4374028382719241,8.881784197001252e-16,0.0,0,0,0.0
D11,iid,1559,7797,0.4372510334826869,0.4372510334826878,8.881784197001252e-16,0.0,0,0,0.0
D11,class_sorted,0,6238,0.4453749074306155,0.4453749074306153,1.6653345369377348e-16,0.0,0,0,0.0
D11,class_sorted,25,6263,0.4457615838536984,0.44576158385369796,4.440892098500626e-16,0.0,0,0,0.0
D11,class_sorted,50,6288,0.4453612167913478,0.4453612167913475,3.3306690738754696e-16,0.0,0,0,0.0
D11,class_sorted,75,6313,0.4451935961921695,0.44519359619216914,3.885780586188048e-16,0.0,0,0,0.0
D11,class_sorted,100,6338,0.4438587398978762,0.4438587398978758,4.440892098500626e-16,0.0,0,0,0.0
D11,class_sorted,125,6363,0.4433908063645631,0.4433908063645625,5.551115123125783e-16,0.0,0,0,0.0
D11,class_sorted,150,6388,0.4440466382440751,0.4440466382440747,3.885780586188048e-16,0.0,0,0,0.0
D11,class_sorted,175,6413,0.4445484980555266,0.4445484980555262,3.885780586188048e-16,0.0,0,0,0.0
D11,class_sorted,200,6438,0.4448017061241401,0.44480170612413983,2.7755575615628914e-16,0.0,0,0,0.0
D11,class_sorted,225,6463,0.44434515593814256,0.44434515593814206,4.996003610813204e-16,0.0,0,0,0.0
D11,class_sorted,250,6488,0.44354847854824886,0.4435484785482484,4.440892098500626e-16,0.0,0,0,0.0
D11,class_sorted,275,6513,0.4421158797384994,0.44211587973849886,5.551115123125783e-16,0.0,0,0,0.0
D11,class_sorted,300,6538,0.4410935400279228,0.44109354002792206,7.216449660063518e-16,0.0,0,0,0.0
D11,class_sorted,325,6563,0.4394817201253739,0.43948172012537273,1.1657341758564144e-15,0.0,0,0,0.0
D11,class_sorted,350,6588,0.4380833112859957,0.43808331128599437,1.3322676295501878e-15,0.0,0,0,0.0
D11,class_sorted,375,6613,0.43785827104192876,0.43785827104192776,9.992007221626409e-16,0.0,0,0,0.0
D11,class_sorted,400,6638,0.4362680193473929,0.4362680193473917,1.2212453270876722e-15,0.0,0,0,0.0
D11,class_sorted,425,6663,0.4356787046299084,0.43567870462990727,1.1102230246251565e-15,0.0,0,0,0.0
D11,class_sorted,450,6688,0.43766173464516006,0.43766173464515923,8.326672684688674e-16,0.0,0,0,0.0
D11,class_sorted,475,6713,0.4393693905310016,0.43936939053100066,9.43689570931383e-16,0.0,0,0,0.0
D11,class_sorted,500,6738,0.4405097709316026,0.44050977093160176,8.326672684688674e-16,0.0,0,0,0.0
D11,class_sorted,525,6763,0.4406648421424891,0.44066484214248813,9.43689570931383e-16,0.0,0,0,0.0
D11,class_sorted,550,6788,0.4413645676389787,0.4413645676389779,7.771561172376096e-16,0.0,0,0,0.0
D11,class_sorted,575,6813,0.44135724627846934,0.44135724627846845,8.881784197001252e-16,0.0,0,0,0.0
D11,class_sorted,600,6838,0.4407921186414161,0.44079211864141504,1.0547118733938987e-15,0.0,0,0,0.0
D11,class_sorted,625,6863,0.4404455860040569,0.44044558600405587,1.0547118733938987e-15,0.0,0,0,0.0
D11,class_sorted,650,6888,0.4400533098995894,0.4400533098995886,8.326672684688674e-16,0.0,0,0,0.0
D11,class_sorted,675,6913,0.4400947636571781,0.4400947636571775,6.106226635438361e-16,0.0,0,0,0.0
D11,class_sorted,700,6938,0.4408119357793593,0.4408119357793586,6.661338147750939e-16,0.0,0,0,0.0
D11,class_sorted,725,6963,0.4407947262262349,0.4407947262262343,6.106226635438361e-16,0.0,0,0,0.0
D11,class_sorted,750,6988,0.4403107724064822,0.44031077240648164,5.551115123125783e-16,0.0,0,0,0.0
D11,class_sorted,775,7013,0.4391229290292636,0.43912292902926264,9.43689570931383e-16,0.0,0,0,0.0
D11,class_sorted,800,7038,0.4376130434780122,0.4376130434780114,8.326672684688674e-16,0.0,0,0,0.0
D11,class_sorted,825,7063,0.4362734167654239,0.43627341676542275,1.1657341758564144e-15,0.0,0,0,0.0
D11,class_sorted,850,7088,0.43674423621792263,0.4367442362179217,9.43689570931383e-16,0.0,0,0,0.0
D11,class_sorted,875,7113,0.4373860320763868,0.43738603207638577,1.0547118733938987e-15,0.0,0,0,0.0
D11,class_sorted,900,7138,0.4371568718800076,0.4371568718800067,9.43689570931383e-16,0.0,0,0,0.0
D11,class_sorted,925,7163,0.4360653840755592,0.4360653840755581,1.1102230246251565e-15,0.0,0,0,0.0
D11,class_sorted,950,7188,0.4352017495817847,0.43520174958178354,1.1657341758564144e-15,0.0,0,0,0.0
D11,class_sorted,975,7213,0.4353345605784487,0.4353345605784473,1.3877787807814457e-15,0.0,0,0,0.0
D11,class_sorted,1000,7238,0.43584571568033953,0.4358457156803383,1.2212453270876722e-15,0.0,0,0,0.0
D11,class_sorted,1025,7263,0.43637626129716356,0.4363762612971622,1.3322676295501878e-15,0.0,0,0,0.0
D11,class_sorted,1050,7288,0.4368216570516901,0.43682165705168885,1.27675647831893e-15,0.0,0,0,0.0
D11,class_sorted,1075,7313,0.43751203806751426,0.437512038067513,1.27675647831893e-15,0.0,0,0,0.0
D11,class_sorted,1100,7338,0.4377873266337073,0.43778732663370595,1.3322676295501878e-15,0.0,0,0,0.0
D11,class_sorted,1125,7363,0.43801407229364786,0.43801407229364664,1.2212453270876722e-15,0.0,0,0,0.0
D11,class_sorted,1150,7388,0.4367863812568254,0.4367863812568242,1.2212453270876722e-15,0.0,0,0,0.0
D11,class_sorted,1175,7413,0.43565405702128,0.4356540570212787,1.3322676295501878e-15,0.0,0,0,0.0
D11,class_sorted,1200,7438,0.43520558876931736,0.4352055887693161,1.27675647831893e-15,0.0,0,0,0.0
D11,class_sorted,1225,7463,0.4341635526094158,0.43416355260941464,1.1657341758564144e-15,0.0,0,0,0.0
D11,class_sorted,1250,7488,0.4348107675913839,0.4348107675913828,1.0547118733938987e-15,0.0,0,0,0.0
D11,class_sorted,1275,7513,0.4338657391981463,0.43386573919814514,1.1657341758564144e-15,0.0,0,0,0.0
D11,class_sorted,1300,7538,0.4330339749623873,0.4330339749623861,1.2212453270876722e-15,0.0,0,0,0.0
D11,class_sorted,1325,7563,0.4324328863273791,0.432432886327378,1.1102230246251565e-15,0.0,0,0,0.0
D11,class_sorted,1350,7588,0.4328107453663318,0.4328107453663306,1.2212453270876722e-15,0.0,0,0,0.0
D11,class_sorted,1375,7613,0.43285679202223115,0.43285679202222993,1.2212453270876722e-15,0.0,0,0,0.0
D11,class_sorted,1400,7638,0.4333296078989103,0.4333296078989092,1.1102230246251565e-15,0.0,0,0,0.0
D11,class_sorted,1425,7663,0.43399254305147733,0.43399254305147594,1.3877787807814457e-15,0.0,0,0,0.0
D11,class_sorted,1450,7688,0.43509010374812246,0.4350901037481211,1.3322676295501878e-15,0.0,0,0,0.0
D11,class_sorted,1475,7713,0.43635744475457516,0.43635744475457366,1.4988010832439613e-15,0.0,0,0,0.0
D11,class_sorted,1500,7738,0.43713929722942635,0.43713929722942496,1.3877787807814457e-15,0.0,0,0,0.0
D11,class_sorted,1525,7763,0.4373206280165977,0.4373206280165964,1.3322676295501878e-15,0.0,0,0,0.0
D11,class_sorted,1550,7788,0.4374035601610068,0.43740356016100546,1.3322676295501878e-15,0.0,0,0,0.0
D11,class_sorted,1559,7797,0.43725103348268923,0.4372510334826878,1.4432899320127035e-15,0.0,0,0,0.0
