dataset,dataset_name,n_total,n_features,reduct_init_size,gamma_init,time_batch_init_sec,reduct_full_size,gamma_full,time_batch_full_sec,reduct_init_features,reduct_full_features,jaccard_overlap_init_full,time_state_init_sec,time_stream_update_iid_sec
D1,Wine,178,13,5,0.78,0.0379011631011962,6,0.81,0.0501282215118408,0|4|6|9|12,0|4|6|9|10|12,0.8333333333333334,0.0008013749999999,0.0012733019999989
D2,WDBC,569,30,7,0.71,0.5122191905975342,6,0.7,0.599301815032959,7|10|13|20|21|22|27,1|7|10|20|22|27,0.625,0.0054590000000001,0.0046632589999995
D3,Iono,351,34,8,0.57,0.3516340255737304,6,0.57,0.3810820579528808,0|3|4|5|7|8|9|15,0|4|5|6|7|8,0.5555555555555556,0.002123209,0.0028253700000009
D4,Derm,366,34,9,0.8,0.3953890800476074,10,0.82,0.551379919052124,4|5|13|14|19|21|26|29|33,4|5|13|14|19|21|25|26|30|33,0.7272727272727273,0.0022657089999995,0.0026324929999947
D5,Sonar,208,60,4,0.45,0.203118085861206,4,0.42,0.2447490692138672,10|11|15|46,10|11|15|46,1.0,0.0009488329999998,0.0014469610000071
D6,Urban,675,147,6,0.48,5.191702842712402,7,0.46,8.377653121948242,3|11|18|24|75|88,6|7|11|18|24|68|72,0.3,0.0092961669999986,0.0067009779999906
D7,Musk,476,166,8,0.36,2.7408831119537354,5,0.35,2.1336028575897217,2|9|12|26|29|35|107|135,58|67|78|150|161,0.0,0.0034010829999999,0.0040075909999934
D8,Arrhy,452,279,10,0.38,5.095252990722656,9,0.35,6.155890941619873,10|14|90|101|102|113|180|251|258|276,14|51|75|90|102|113|166|258|269,0.3571428571428571,0.0037463330000022,0.0036658189999982
D9,Spambase,4601,57,9,0.4,39.692342042922974,10,0.41,49.81166577339173,6|15|24|26|41|51|54|55|56,6|24|26|27|41|45|51|52|54|55,0.5833333333333334,0.2409244159999986,0.1172540420002405
D10,Parkinsons,195,22,3,0.54,0.0527789592742919,3,0.56,0.0652179718017578,0|5|9,0|10|18,0.2,0.0008524589999865,0.0011885729998653
D12,Letter,20000,16,11,0.5,358.5279788970947,12,0.51,575.3141429424286,2|6|7|8|9|10|11|12|13|14|15,2|5|6|7|8|9|10|11|12|13|14|15,0.9166666666666666,6.261283333000165,2.3887101469995287
