dataset,stream_type,step,n,gamma_incremental,gamma_groundtruth,abs_diff,delta_max_abs_diff,delta_inf_mismatch,gsize_mismatch,cache_vs_fresh_max_abs_diff
D1,iid,0,143,0.7774658795474735,0.7774658795474735,0.0,0.0,0,0,0.0
D1,iid,25,168,0.7926868448002977,0.7926868448002974,3.3306690738754696e-16,0.0,0,0,0.0
D1,iid,35,178,0.7924402563953683,0.7924402563953679,4.440892098500626e-16,0.0,0,0,0.0
D1,class_sorted,0,143,0.7774658795474735,0.7774658795474735,0.0,0.0,0,0,0.0
D1,class_sorted,25,168,0.8002361607538605,0.8002361607538602,3.3306690738754696e-16,0.0,0,0,0.0
D1,class_sorted,35,178,0.7924402563953682,0.7924402563953679,3.3306690738754696e-16,0.0,0,0,0.0
D2,iid,0,456,0.7035687176362715,0.7035687176362715,0.0,0.0,0,0,0.0
D2,iid,25,481,0.703174059932394,0.7031740599323938,2.220446049250313e-16,0.0,0,0,0.0
D2,iid,50,506,0.702963590634269,0.7029635906342685,5.551115123125783e-16,0.0,0,0,0.0
D2,iid,75,531,0.7044855015027628,0.7044855015027621,6.661338147750939e-16,0.0,0,0,0.0
D2,iid,100,556,0.7085540495474388,0.7085540495474381,7.771561172376096e-16,0.0,0,0,0.0
D2,iid,113,569,0.7073047324035149,0.7073047324035143,5.551115123125783e-16,0.0,0,0,0.0
D2,class_sorted,0,456,0.703953906154087,0.703953906154087,0.0,0.0,0,0,0.0
D2,class_sorted,25,481,0.7047066004806432,0.7047066004806435,3.3306690738754696e-16,0.0,0,0,0.0
D2,class_sorted,50,506,0.7081134751224774,0.7081134751224774,0.0,0.0,0,0,0.0
D2,class_sorted,75,531,0.7076747175748818,0.7076747175748817,1.1102230246251565e-16,0.0,0,0,0.0
D2,class_sorted,100,556,0.7087714743836229,0.7087714743836229,0.0,0.0,0,0,0.0
D2,class_sorted,113,569,0.707304732403514,0.7073047324035143,3.3306690738754696e-16,0.0,0,0,0.0
D3,iid,0,281,0.567527285829318,0.5675272858293181,1.1102230246251565e-16,0.0,0,0,0.0
D3,iid,25,306,0.5490224754092413,0.5490224754092417,3.3306690738754696e-16,0.0,0,0,0.0
D3,iid,50,331,0.5490606404659617,0.549060640465962,3.3306690738754696e-16,0.0,0,0,0.0
D3,iid,70,351,0.5580801430566664,0.5580801430566671,6.661338147750939e-16,0.0,0,0,0.0
D3,class_sorted,0,281,0.567527285829318,0.5675272858293181,1.1102230246251565e-16,0.0,0,0,0.0
D3,class_sorted,25,306,0.5665844172875305,0.5665844172875308,3.3306690738754696e-16,0.0,0,0,0.0
D3,class_sorted,50,331,0.5648218470650109,0.5648218470650112,2.220446049250313e-16,0.0,0,0,0.0
D3,class_sorted,70,351,0.5580801430566665,0.5580801430566671,5.551115123125783e-16,0.0,0,0,0.0
D4,iid,0,293,0.7955797835208424,0.7955797835208424,0.0,0.0,0,0,0.0
D4,iid,25,318,0.8025376411536936,0.8025376411536939,2.220446049250313e-16,0.0,0,0,0.0
D4,iid,50,343,0.8079916915818884,0.8079916915818887,2.220446049250313e-16,0.0,0,0,0.0
D4,iid,73,366,0.8042874502860691,0.8042874502860696,5.551115123125783e-16,0.0,0,0,0.0
D4,class_sorted,0,293,0.7955797835208424,0.7955797835208424,0.0,0.0,0,0,0.0
D4,class_sorted,25,318,0.8023362906092563,0.8023362906092559,3.3306690738754696e-16,0.0,0,0,0.0
D4,class_sorted,50,343,0.8071488329123908,0.8071488329123906,2.220446049250313e-16,0.0,0,0,0.0
D4,class_sorted,73,366,0.8042874502860694,0.8042874502860695,1.1102230246251565e-16,0.0,0,0,0.0
D5,iid,0,167,0.4464391688268234,0.4464391688268234,0.0,0.0,0,0,0.0
D5,iid,25,192,0.42649357767897456,0.4264935776789746,5.551115123125783e-17,0.0,0,0,0.0
D5,iid,41,208,0.4176355338120627,0.4176355338120631,3.885780586188048e-16,0.0,0,0,0.0
D5,class_sorted,0,167,0.4464391688268234,0.4464391688268234,0.0,0.0,0,0,0.0
D5,class_sorted,25,192,0.42219202649774523,0.4221920264977452,5.551115123125783e-17,0.0,0,0,0.0
D5,class_sorted,41,208,0.41763553381206286,0.4176355338120631,2.220446049250313e-16,0.0,0,0,0.0
D6,iid,0,541,0.475225701372058,0.475225701372058,0.0,0.0,0,0,0.0
D6,iid,25,566,0.4753034359145063,0.4753034359145062,1.1102230246251565e-16,0.0,0,0,0.0
D6,iid,50,591,0.46680281564620957,0.4668028156462096,5.551115123125783e-17,0.0,0,0,0.0
D6,iid,75,616,0.45941362739126773,0.45941362739126795,2.220446049250313e-16,0.0,0,0,0.0
D6,iid,100,641,0.44870205784961886,0.44870205784961914,2.7755575615628914e-16,0.0,0,0,0.0
D6,iid,125,666,0.4463751251375022,0.4463751251375027,4.996003610813204e-16,0.0,0,0,0.0
D6,iid,134,675,0.44734111769014584,0.44734111769014645,6.106226635438361e-16,0.0,0,0,0.0
D6,class_sorted,0,541,0.4760711627411361,0.4760711627411362,1.1102230246251565e-16,0.0,0,0,0.0
D6,class_sorted,25,566,0.47668187557692915,0.47668187557692937,2.220446049250313e-16,0.0,0,0,0.0
D6,class_sorted,50,591,0.46231634754784884,0.46231634754784906,2.220446049250313e-16,0.0,0,0,0.0
D6,class_sorted,75,616,0.4626891447119044,0.4626891447119046,1.6653345369377348e-16,0.0,0,0,0.0
D6,class_sorted,100,641,0.45464799753005475,0.45464799753005497,2.220446049250313e-16,0.0,0,0,0.0
D6,class_sorted,125,666,0.44692893718745696,0.4469289371874574,4.440892098500626e-16,0.0,0,0,0.0
D6,class_sorted,134,675,0.4473411176901461,0.44734111769014645,3.3306690738754696e-16,0.0,0,0,0.0
D7,iid,0,381,0.3525857476907065,0.35258574769070644,5.551115123125783e-17,0.0,0,0,0.0
D7,iid,25,406,0.34692553228718126,0.34692553228718154,2.7755575615628914e-16,0.0,0,0,0.0
D7,iid,50,431,0.3457346861761648,0.34573468617616554,7.216449660063518e-16,0.0,0,0,0.0
D7,iid,75,456,0.3441738130032462,0.34417381300324706,8.881784197001252e-16,0.0,0,0,0.0
D7,iid,95,476,0.34434271075297723,0.34434271075297834,1.1102230246251565e-15,0.0,0,0,0.0
D7,class_sorted,0,381,0.3525857476907065,0.35258574769070644,5.551115123125783e-17,0.0,0,0,0.0
D7,class_sorted,25,406,0.3508989049491763,0.3508989049491764,1.1102230246251565e-16,0.0,0,0,0.0
D7,class_sorted,50,431,0.3463776671476577,0.3463776671476581,3.885780586188048e-16,0.0,0,0,0.0
D7,class_sorted,75,456,0.34587068261904447,0.34587068261904563,1.1657341758564144e-15,0.0,0,0,0.0
D7,class_sorted,95,476,0.3443427107529771,0.34434271075297834,1.2212453270876722e-15,0.0,0,0,0.0
D8,iid,0,362,0.3761112393847487,0.3761112393847488,5.551115123125783e-17,0.0,0,0,0.0
D8,iid,25,387,0.3673287460341039,0.3673287460341038,1.1102230246251565e-16,0.0,0,0,0.0
D8,iid,50,412,0.35610841994751496,0.356108419947515,5.551115123125783e-17,0.0,0,0,0.0
D8,iid,75,437,0.34671570266515184,0.3467157026651516,2.220446049250313e-16,0.0,0,0,0.0
D8,iid,90,452,0.3479649627257555,0.3479649627257555,0.0,0.0,0,0,0.0
D8,class_sorted,0,362,0.3761112393847487,0.3761112393847488,5.551115123125783e-17,0.0,0,0,0.0
D8,class_sorted,25,387,0.3805282561899935,0.38052825618999364,1.6653345369377348e-16,0.0,0,0,0.0
D8,class_sorted,50,412,0.37955924517033385,0.37955924517033396,1.1102230246251565e-16,0.0,0,0,0.0
D8,class_sorted,75,437,0.3555448543833924,0.35554485438339267,2.7755575615628914e-16,0.0,0,0,0.0
D8,class_sorted,90,452,0.3479649627257553,0.3479649627257555,2.220446049250313e-16,0.0,0,0,0.0
D9,iid,0,3681,0.3992783131908003,0.39927831319080037,5.551115123125783e-17,0.0,0,0,0.0
D9,iid,25,3706,0.3994300557673731,0.3994300557673731,0.0,0.0,0,0,0.0
D9,iid,50,3731,0.4000765529932647,0.4000765529932644,3.3306690738754696e-16,0.0,0,0,0.0
D9,iid,75,3756,0.3991565738853336,0.3991565738853334,2.220446049250313e-16,0.0,0,0,0.0
D9,iid,100,3781,0.399195385344884,0.3991953853448842,1.6653345369377348e-16,0.0,0,0,0.0
D9,iid,125,3806,0.3997769976828165,0.3997769976828168,3.3306690738754696e-16,0.0,0,0,0.0
D9,iid,150,3831,0.39972108088058556,0.3997210808805859,3.3306690738754696e-16,0.0,0,0,0.0
D9,iid,175,3856,0.39866072420260745,0.39866072420260756,1.1102230246251565e-16,0.0,0,0,0.0
D9,iid,200,3881,0.3990067847278014,0.3990067847278016,2.220446049250313e-16,0.0,0,0,0.0
D9,iid,225,3906,0.3982706659740865,0.3982706659740865,0.0,0.0,0,0,0.0
D9,iid,250,3931,0.3985103249339337,0.3985103249339335,1.6653345369377348e-16,0.0,0,0,0.0
D9,iid,275,3956,0.398163846607547,0.3981638466075468,2.220446049250313e-16,0.0,0,0,0.0
D9,iid,300,3981,0.39875783732994996,0.39875783732994985,1.1102230246251565e-16,0.0,0,0,0.0
D9,iid,325,4006,0.39845235569073467,0.3984523556907348,1.1102230246251565e-16,0.0,0,0,0.0
D9,iid,350,4031,0.3986756269770451,0.3986756269770455,3.885780586188048e-16,0.0,0,0,0.0
D9,iid,375,4056,0.39720189022519053,0.39720189022519153,9.992007221626409e-16,0.0,0,0,0.0
D9,iid,400,4081,0.3973481840869209,0.3973481840869223,1.3877787807814457e-15,0.0,0,0,0.0
D9,iid,425,4106,0.39789585524503973,0.39789585524504123,1.4988010832439613e-15,0.0,0,0,0.0
D9,iid,450,4131,0.3982449815866566,0.39824498158665833,1.7208456881689926e-15,0.0,0,0,0.0
D9,iid,475,4156,0.3985861419793584,0.3985861419793601,1.7208456881689926e-15,0.0,0,0,0.0
D9,iid,500,4181,0.3983616492006212,0.39836164920062284,1.609823385706477e-15,0.0,0,0,0.0
D9,iid,525,4206,0.395881764018354,0.3958817640183554,1.3877787807814457e-15,0.0,0,0,0.0
D9,iid,550,4231,0.38451659553647927,0.38451659553648077,1.4988010832439613e-15,0.0,0,0,0.0
D9,iid,575,4256,0.38464419118696036,0.3846441911869619,1.5543122344752192e-15,0.0,0,0,0.0
D9,iid,600,4281,0.3847311026680057,0.3847311026680074,1.7208456881689926e-15,0.0,0,0,0.0
D9,iid,625,4306,0.38380273003555,0.3838027300355517,1.7208456881689926e-15,0.0,0,0,0.0
D9,iid,650,4331,0.38382914939536905,0.38382914939537105,1.9984014443252818e-15,0.0,0,0,0.0
D9,iid,675,4356,0.3819699149479388,0.3819699149479408,1.9984014443252818e-15,0.0,0,0,0.0
D9,iid,700,4381,0.38252722395557026,0.38252722395557254,2.275957200481571e-15,0.0,0,0,0.0
D9,iid,725,4406,0.38284836919061477,0.3828483691906171,2.3314683517128287e-15,0.0,0,0,0.0
D9,iid,750,4431,0.3834302469643218,0.3834302469643243,2.4980018054066022e-15,0.0,0,0,0.0
D9,iid,775,4456,0.38410977253524725,0.38410977253524975,2.4980018054066022e-15,0.0,0,0,0.0
D9,iid,800,4481,0.3847686959472192,0.3847686959472217,2.4980018054066022e-15,0.0,0,0,0.0
D9,iid,825,4506,0.38484657183554594,0.3848465718355488,2.886579864025407e-15,0.0,0,0,0.0
D9,iid,850,4531,0.38405529110430736,0.38405529110431025,2.886579864025407e-15,0.0,0,0,0.0
D9,iid,875,4556,0.3837245544722709,0.38372455447227405,3.164135620181696e-15,0.0,0,0,0.0
D9,iid,900,4581,0.3841069153552445,0.3841069153552477,3.219646771412954e-15,0.0,0,0,0.0
D9,iid,920,4601,0.38417451082155096,0.38417451082155407,3.1086244689504383e-15,0.0,0,0,0.0
D9,class_sorted,0,3681,0.3992783131908003,0.39927831319080037,5.551115123125783e-17,0.0,0,0,0.0
D9,class_sorted,25,3706,0.40010478278748507,0.4001047827874851,5.551115123125783e-17,0.0,0,0,0.0
D9,class_sorted,50,3731,0.3998088503478138,0.3998088503478137,1.1102230246251565e-16,0.0,0,0,0.0
D9,class_sorted,75,3756,0.40036783349699845,0.4003678334969982,2.220446049250313e-16,0.0,0,0,0.0
D9,class_sorted,100,3781,0.40102578639795594,0.4010257863979559,5.551115123125783e-17,0.0,0,0,0.0
D9,class_sorted,125,3806,0.4013339787001556,0.4013339787001558,2.220446049250313e-16,0.0,0,0,0.0
D9,class_sorted,150,3831,0.401837581111374,0.4018375811113741,5.551115123125783e-17,0.0,0,0,0.0
D9,class_sorted,175,3856,0.40233811920280593,0.40233811920280615,2.220446049250313e-16,0.0,0,0,0.0
D9,class_sorted,200,3881,0.4028185157923482,0.40281851579234845,2.7755575615628914e-16,0.0,0,0,0.0
D9,class_sorted,225,3906,0.4009599603728779,0.4009599603728787,7.771561172376096e-16,0.0,0,0,0.0
D9,class_sorted,250,3931,0.4020120833920799,0.4020120833920808,8.881784197001252e-16,0.0,0,0,0.0
D9,class_sorted,275,3956,0.4024365128919447,0.4024365128919459,1.1657341758564144e-15,0.0,0,0,0.0
D9,class_sorted,300,3981,0.4032938972512494,0.40329389725125087,1.4432899320127035e-15,0.0,0,0,0.0
D9,class_sorted,325,4006,0.40330587923638234,0.4033058792363836,1.27675647831893e-15,0.0,0,0,0.0
D9,class_sorted,350,4031,0.4039623269652454,0.40396232696524675,1.3322676295501878e-15,0.0,0,0,0.0
D9,class_sorted,375,4056,0.4030600730232969,0.4030600730232983,1.4432899320127035e-15,0.0,0,0,0.0
D9,class_sorted,400,4081,0.4033001678488487,0.4033001678488506,1.887379141862766e-15,0.0,0,0,0.0
D9,class_sorted,425,4106,0.40408627200473984,0.4040862720047417,1.8318679906315083e-15,0.0,0,0,0.0
D9,class_sorted,450,4131,0.404714355327335,0.404714355327337,1.9984014443252818e-15,0.0,0,0,0.0
D9,class_sorted,475,4156,0.40595421258702014,0.4059542125870224,2.275957200481571e-15,0.0,0,0,0.0
D9,class_sorted,500,4181,0.40669861144629366,0.4066986114462962,2.55351295663786e-15,0.0,0,0,0.0
D9,class_sorted,525,4206,0.4061320788703327,0.4061320788703355,2.7755575615628914e-15,0.0,0,0,0.0
D9,class_sorted,550,4231,0.4064093189472973,0.4064093189473002,2.886579864025407e-15,0.0,0,0,0.0
D9,class_sorted,575,4256,0.406395883263919,0.4063958832639218,2.7755575615628914e-15,0.0,0,0,0.0
D9,class_sorted,600,4281,0.40548271038613176,0.4054827103861345,2.7200464103316335e-15,0.0,0,0,0.0
D9,class_sorted,625,4306,0.40401222816385646,0.40401222816385907,2.609024107869118e-15,0.0,0,0,0.0
D9,class_sorted,650,4331,0.4025630216667829,0.40256302166678626,3.3306690738754696e-15,0.0,0,0,0.0
D9,class_sorted,675,4356,0.4021782799061397,0.40217827990614285,3.164135620181696e-15,0.0,0,0,0.0
D9,class_sorted,700,4381,0.402050583573508,0.4020505835735114,3.4416913763379853e-15,0.0,0,0,0.0
D9,class_sorted,725,4406,0.4016723571408616,0.40167235714086535,3.774758283725532e-15,0.0,0,0,0.0
D9,class_sorted,750,4431,0.3981361015288785,0.39813610152888246,3.941291737419306e-15,0.0,0,0,0.0
D9,class_sorted,775,4456,0.38656278259884763,0.38656278259885185,4.218847493575595e-15,0.0,0,0,0.0
D9,class_sorted,800,4481,0.3861799085233492,0.38617990852335354,4.3298697960381105e-15,0.0,0,0,0.0
D9,class_sorted,825,4506,0.3845040170797561,0.38450401707976073,4.6074255521944e-15,0.0,0,0,0.0
D9,class_sorted,850,4531,0.38435156455899294,0.3843515645589976,4.6629367034256575e-15,0.0,0,0,0.0
D9,class_sorted,875,4556,0.38442467878626185,0.38442467878626657,4.718447854656915e-15,0.0,0,0,0.0
D9,class_sorted,900,4581,0.3840244763798059,0.3840244763798109,4.9960036108132044e-15,0.0,0,0,0.0
D9,class_sorted,920,4601,0.38417451082154885,0.38417451082155407,5.218048215738236e-15,0.0,0,0,0.0
D10,iid,0,157,0.5375171939427005,0.5375171939427004,1.1102230246251565e-16,0.0,0,0,0.0
D10,iid,25,182,0.5323963774843726,0.5323963774843724,2.220446049250313e-16,0.0,0,0,0.0
D10,iid,38,195,0.5348398671202939,0.5348398671202936,2.220446049250313e-16,0.0,0,0,0.0
D10,class_sorted,0,157,0.5369437753015063,0.536943775301506,2.220446049250313e-16,0.0,0,0,0.0
D10,class_sorted,25,182,0.5356119865923685,0.5356119865923681,4.440892098500626e-16,0.0,0,0,0.0
D10,class_sorted,38,195,0.534839867120294,0.5348398671202936,3.3306690738754696e-16,0.0,0,0,0.0
D12,iid,0,16001,0.49752661870890313,0.49752661870890313,0.0,0.0,0,0,0.0
D12,iid,25,16026,0.4977152652509018,0.49771526525090193,1.1102230246251565e-16,0.0,0,0,0.0
D12,iid,50,16051,0.49779823590421474,0.4977982359042145,2.220446049250313e-16,0.0,0,0,0.0
D12,iid,75,16076,0.4977734059541973,0.49777340595419756,2.7755575615628914e-16,0.0,0,0,0.0
D12,iid,100,16101,0.4976240724284227,0.4976240724284225,2.220446049250313e-16,0.0,0,0,0.0
D12,iid,125,16126,0.4977587390759909,0.4977587390759908,1.1102230246251565e-16,0.0,0,0,0.0
D12,iid,150,16151,0.4978760582875839,0.4978760582875837,2.220446049250313e-16,0.0,0,0,0.0
D12,iid,175,16176,0.49781583198013,0.49781583198013,0.0,0.0,0,0,0.0
D12,iid,200,16201,0.4977307306105935,0.4977307306105935,0.0,0.0,0,0,0.0
D12,iid,225,16226,0.49784905336811563,0.4978490533681157,5.551115123125783e-17,0.0,0,0,0.0
D12,iid,250,16251,0.49780134375866375,0.49780134375866414,3.885780586188048e-16,0.0,0,0,0.0
D12,iid,275,16276,0.4979369282273701,0.49793692822737023,1.1102230246251565e-16,0.0,0,0,0.0
D12,iid,300,16301,0.4980544152193193,0.4980544152193194,1.1102230246251565e-16,0.0,0,0,0.0
D12,iid,325,16326,0.4979464435450263,0.4979464435450261,2.220446049250313e-16,0.0,0,0,0.0
D12,iid,350,16351,0.49787639022327407,0.497876390223274,5.551115123125783e-17,0.0,0,0,0.0
D12,iid,375,16376,0.4978104736016074,0.4978104736016073,1.1102230246251565e-16,0.0,0,0,0.0
D12,iid,400,16401,0.4978554253129236,0.4978554253129236,0.0,0.0,0,0,0.0
D12,iid,425,16426,0.4978264273568137,0.4978264273568136,1.1102230246251565e-16,0.0,0,0,0.0
D12,iid,450,16451,0.4977445343499888,0.49774453434998844,3.3306690738754696e-16,0.0,0,0,0.0
D12,iid,475,16476,0.4977497332659072,0.49774973326590655,6.661338147750939e-16,0.0,0,0,0.0
D12,iid,500,16501,0.49779226425005396,0.49779226425005346,4.996003610813204e-16,0.0,0,0,0.0
D12,iid,525,16526,0.4977821728658439,0.49778217286584353,3.885780586188048e-16,0.0,0,0,0.0
D12,iid,550,16551,0.4979625597652271,0.4979625597652264,6.661338147750939e-16,0.0,0,0,0.0
D12,iid,575,16576,0.4981252686955386,0.4981252686955377,8.881784197001252e-16,0.0,0,0,0.0
D12,iid,600,16601,0.49821833579242975,0.498218335792429,7.216449660063518e-16,0.0,0,0,0.0
D12,iid,625,16626,0.4982667115482928,0.49826671154829144,1.3322676295501878e-15,0.0,0,0,0.0
D12,iid,650,16651,0.49833287623921296,0.498332876239211,1.942890293094024e-15,0.0,0,0,0.0
D12,iid,675,16676,0.49835893712346785,0.4983589371234657,2.1649348980190553e-15,0.0,0,0,0.0
D12,iid,700,16701,0.4984273349068701,0.4984273349068675,2.55351295663786e-15,0.0,0,0,0.0
D12,iid,725,16726,0.4983014727863071,0.4983014727863049,2.220446049250313e-15,0.0,0,0,0.0
D12,iid,750,16751,0.49837555001150396,0.49837555001150147,2.4980018054066022e-15,0.0,0,0,0.0
D12,iid,775,16776,0.4984388552450129,0.4984388552450103,2.609024107869118e-15,0.0,0,0,0.0
D12,iid,800,16801,0.49849513272571155,0.4984951327257089,2.6645352591003757e-15,0.0,0,0,0.0
D12,iid,825,16826,0.49853256569568616,0.4985325656956832,2.942091015256665e-15,0.0,0,0,0.0
D12,iid,850,16851,0.4984931919902118,0.49849319199020864,3.164135620181696e-15,0.0,0,0,0.0
D12,iid,875,16876,0.4987110108055155,0.49871101080551217,3.3306690738754696e-15,0.0,0,0,0.0
D12,iid,900,16901,0.49873666598799204,0.4987366659879887,3.3306690738754696e-15,0.0,0,0,0.0
D12,iid,925,16926,0.4987887420045264,0.4987887420045226,3.774758283725532e-15,0.0,0,0,0.0
D12,iid,950,16951,0.4989395345463539,0.49893953454635015,3.774758283725532e-15,0.0,0,0,0.0
D12,iid,975,16976,0.4989455537564116,0.49894555375640764,3.941291737419306e-15,0.0,0,0,0.0
D12,iid,1000,17001,0.4990774187994608,0.49907741879945694,3.885780586188048e-15,0.0,0,0,0.0
D12,iid,1025,17026,0.4990064613374701,0.49900646133746657,3.552713678800501e-15,0.0,0,0,0.0
D12,iid,1050,17051,0.4991150077718285,0.4991150077718249,3.608224830031759e-15,0.0,0,0,0.0
D12,iid,1075,17076,0.49896306789247885,0.4989630678924749,3.941291737419306e-15,0.0,0,0,0.0
D12,iid,1100,17101,0.499012850185574,0.49901285018557,3.9968028886505635e-15,0.0,0,0,0.0
D12,iid,1125,17126,0.4990075656788586,0.49900756567885474,3.885780586188048e-15,0.0,0,0,0.0
D12,iid,1150,17151,0.4990245039952757,0.49902450399527143,4.274358644806853e-15,0.0,0,0,0.0
D12,iid,1175,17176,0.4990079566037597,0.4990079566037555,4.163336342344337e-15,0.0,0,0,0.0
D12,iid,1200,17201,0.4991740161361596,0.4991740161361554,4.163336342344337e-15,0.0,0,0,0.0
D12,iid,1225,17226,0.49916694563456077,0.49916694563455544,5.329070518200751e-15,0.0,0,0,0.0
D12,iid,1250,17251,0.4991620872141124,0.49916208721410676,5.662137425588298e-15,0.0,0,0,0.0
D12,iid,1275,17276,0.49911769824691066,0.49911769824690483,5.828670879282072e-15,0.0,0,0,0.0
D12,iid,1300,17301,0.4989360869182315,0.498936086918225,6.494804694057166e-15,0.0,0,0,0.0
D12,iid,1325,17326,0.49897035311400767,0.4989703531140013,6.38378239159465e-15,0.0,0,0,0.0
D12,iid,1350,17351,0.4990434111268163,0.4990434111268097,6.6058269965196814e-15,0.0,0,0,0.0
D12,iid,1375,17376,0.4991106601025921,0.4991106601025855,6.6058269965196814e-15,0.0,0,0,0.0
D12,iid,1400,17401,0.4991745162796306,0.49917451627962384,6.772360450213455e-15,0.0,0,0,0.0
D12,iid,1425,17426,0.4992199528639134,0.4992199528639063,7.105427357601002e-15,0.0,0,0,0.0
D12,iid,1450,17451,0.4992825880385311,0.499282588038524,7.105427357601002e-15,0.0,0,0,0.0
D12,iid,1475,17476,0.4992283917598932,0.4992283917598851,8.104628079763643e-15,0.0,0,0,0.0
D12,iid,1500,17501,0.4994019328282832,0.49940193282827505,8.1601392309949e-15,0.0,0,0,0.0
D12,iid,1525,17526,0.4995000857727797,0.4995000857727712,8.493206138382448e-15,0.0,0,0,0.0
D12,iid,1550,17551,0.4993680186953639,0.4993680186953552,8.715250743307479e-15,0.0,0,0,0.0
D12,iid,1575,17576,0.4993832857205144,0.4993832857205058,8.604228440844963e-15,0.0,0,0,0.0
D12,iid,1600,17601,0.4993872118794298,0.49938721187942126,8.548717289613705e-15,0.0,0,0,0.0
D12,iid,1625,17626,0.4994437942498157,0.49944379424980667,9.048317650695026e-15,0.0,0,0,0.0
D12,iid,1650,17651,0.49957250418534366,0.49957250418533455,9.103828801926284e-15,0.0,0,0,0.0
D12,iid,1675,17676,0.49950070012680675,0.49950070012679726,9.492406860545088e-15,0.0,0,0,0.0
D12,iid,1700,17701,0.49957827595592147,0.49957827595591225,9.2148511043888e-15,0.0,0,0,0.0
D12,iid,1725,17726,0.4997095996554244,0.49970959965541484,9.547918011776346e-15,0.0,0,0,0.0
D12,iid,1750,17751,0.4997505850173856,0.49975058501737585,9.769962616701378e-15,0.0,0,0,0.0
D12,iid,1775,17776,0.49980534511757524,0.4998053451175658,9.43689570931383e-15,0.0,0,0,0.0
D12,iid,1800,17801,0.4998946806708869,0.4998946806708777,9.159339953157541e-15,0.0,0,0,0.0
D12,iid,1825,17826,0.5000831611920357,0.5000831611920263,9.325873406851315e-15,0.0,0,0,0.0
D12,iid,1850,17851,0.500153426940141,0.500153426940132,8.992806499463768e-15,0.0,0,0,0.0
D12,iid,1875,17876,0.500035807520921,0.5000358075209116,9.43689570931383e-15,0.0,0,0,0.0
D12,iid,1900,17901,0.5000744897031573,0.5000744897031476,9.658940314238862e-15,0.0,0,0,0.0
D12,iid,1925,17926,0.5000505154838013,0.5000505154837913,9.992007221626409e-15,0.0,0,0,0.0
D12,iid,1950,17951,0.5002019515848044,0.5002019515847941,1.0325074129013956e-14,0.0,0,0,0.0
D12,iid,1975,17976,0.5002589116936437,0.5002589116936331,1.0547118733938987e-14,0.0,0,0,0.0
D12,iid,2000,18001,0.5002877440760553,0.5002877440760441,1.1102230246251565e-14,0.0,0,0,0.0
D12,iid,2025,18026,0.5004092186523991,0.5004092186523877,1.1324274851176597e-14,0.0,0,0,0.0
D12,iid,2050,18051,0.5004115383172084,0.500411538317197,1.1435297153639112e-14,0.0,0,0,0.0
D12,iid,2075,18076,0.500458003808255,0.5004580038082436,1.1435297153639112e-14,0.0,0,0,0.0
D12,iid,2100,18101,0.5005769529512226,0.5005769529512112,1.1435297153639112e-14,0.0,0,0,0.0
D12,iid,2125,18126,0.5006375804596921,0.5006375804596804,1.1657341758564144e-14,0.0,0,0,0.0
D12,iid,2150,18151,0.5006462081634254,0.5006462081634134,1.199040866595169e-14,0.0,0,0,0.0
D12,iid,2175,18176,0.500722447836679,0.5007224478366666,1.2323475573339238e-14,0.0,0,0,0.0
D12,iid,2200,18201,0.5007692656148676,0.5007692656148545,1.3100631690576847e-14,0.0,0,0,0.0
D12,iid,2225,18226,0.5008481526375212,0.5008481526375084,1.2878587085651816e-14,0.0,0,0,0.0
D12,iid,2250,18251,0.5010057662667753,0.5010057662667625,1.27675647831893e-14,0.0,0,0,0.0
D12,iid,2275,18276,0.5010664259058358,0.501066425905823,1.2878587085651816e-14,0.0,0,0,0.0
D12,iid,2300,18301,0.5011747614684193,0.5011747614684066,1.27675647831893e-14,0.0,0,0,0.0
D12,iid,2325,18326,0.5012010443660695,0.5012010443660566,1.2878587085651816e-14,0.0,0,0,0.0
D12,iid,2350,18351,0.5012365733037029,0.5012365733036898,1.3100631690576847e-14,0.0,0,0,0.0
D12,iid,2375,18376,0.5012970760279594,0.5012970760279463,1.3100631690576847e-14,0.0,0,0,0.0
D12,iid,2400,18401,0.5013804999026024,0.5013804999025894,1.2989609388114332e-14,0.0,0,0,0.0
D12,iid,2425,18426,0.5013943314689414,0.5013943314689283,1.3100631690576847e-14,0.0,0,0,0.0
D12,iid,2450,18451,0.5013648012211962,0.5013648012211828,1.3433698597964394e-14,0.0,0,0,0.0
D12,iid,2475,18476,0.5014839354420415,0.5014839354420283,1.3211653993039363e-14,0.0,0,0,0.0
D12,iid,2500,18501,0.5015132966968301,0.501513296696817,1.3100631690576847e-14,0.0,0,0,0.0
D12,iid,2525,18526,0.501524665229761,0.5015246652297484,1.2656542480726785e-14,0.0,0,0,0.0
D12,iid,2550,18551,0.5014895202175222,0.5014895202175096,1.2656542480726785e-14,0.0,0,0,0.0
D12,iid,2575,18576,0.5015852292969905,0.5015852292969772,1.3211653993039363e-14,0.0,0,0,0.0
D12,iid,2600,18601,0.5016699588229464,0.5016699588229333,1.3100631690576847e-14,0.0,0,0,0.0
D12,iid,2625,18626,0.5015558593696908,0.5015558593696775,1.3322676295501878e-14,0.0,0,0,0.0
D12,iid,2650,18651,0.5016060129597103,0.501606012959697,1.3322676295501878e-14,0.0,0,0,0.0
D12,iid,2675,18676,0.5016484435139992,0.5016484435139861,1.3100631690576847e-14,0.0,0,0,0.0
D12,iid,2700,18701,0.501586092770649,0.5015860927706364,1.2656542480726785e-14,0.0,0,0,0.0
D12,iid,2725,18726,0.5016662019221922,0.5016662019221796,1.2656542480726785e-14,0.0,0,0,0.0
D12,iid,2750,18751,0.5017485638788117,0.5017485638787991,1.2656542480726785e-14,0.0,0,0,0.0
D12,iid,2775,18776,0.5019361585497909,0.5019361585497785,1.2434497875801753e-14,0.0,0,0,0.0
D12,iid,2800,18801,0.5018970114933095,0.5018970114932968,1.2656542480726785e-14,0.0,0,0,0.0
D12,iid,2825,18826,0.5019755684503642,0.5019755684503516,1.2545520178264269e-14,0.0,0,0,0.0
D12,iid,2850,18851,0.502069961968267,0.5020699619682545,1.2545520178264269e-14,0.0,0,0,0.0
D12,iid,2875,18876,0.5019988466762989,0.5019988466762864,1.2545520178264269e-14,0.0,0,0,0.0
D12,iid,2900,18901,0.5020550496912561,0.502055049691244,1.2101430968414206e-14,0.0,0,0,0.0
D12,iid,2925,18926,0.5021084284118061,0.5021084284117937,1.2434497875801753e-14,0.0,0,0,0.0
D12,iid,2950,18951,0.502169688622988,0.5021696886229754,1.2656542480726785e-14,0.0,0,0,0.0
D12,iid,2975,18976,0.5021598294293618,0.5021598294293491,1.2656542480726785e-14,0.0,0,0,0.0
D12,iid,3000,19001,0.5023035102938025,0.5023035102937902,1.2323475573339238e-14,0.0,0,0,0.0
D12,iid,3025,19026,0.502297563482516,0.502297563482504,1.199040866595169e-14,0.0,0,0,0.0
D12,iid,3050,19051,0.5023241306332543,0.5023241306332422,1.2101430968414206e-14,0.0,0,0,0.0
D12,iid,3075,19076,0.5024263876772541,0.502426387677242,1.2101430968414206e-14,0.0,0,0,0.0
D12,iid,3100,19101,0.5024816739730582,0.5024816739730464,1.176836406102666e-14,0.0,0,0,0.0
D12,iid,3125,19126,0.5024460736822113,0.5024460736821995,1.176836406102666e-14,0.0,0,0,0.0
D12,iid,3150,19151,0.5024185174951257,0.5024185174951142,1.1435297153639112e-14,0.0,0,0,0.0
D12,iid,3175,19176,0.5022675651633463,0.502267565163335,1.1213252548714081e-14,0.0,0,0,0.0
D12,iid,3200,19201,0.5022659451803931,0.5022659451803819,1.1213252548714081e-14,0.0,0,0,0.0
D12,iid,3225,19226,0.5022943132671226,0.5022943132671117,1.0880185641326534e-14,0.0,0,0,0.0
D12,iid,3250,19251,0.5022264510711864,0.5022264510711753,1.1102230246251565e-14,0.0,0,0,0.0
D12,iid,3275,19276,0.502343933876068,0.5023439338760572,1.0769163338864018e-14,0.0,0,0,0.0
D12,iid,3300,19301,0.5023844990588902,0.5023844990588793,1.0880185641326534e-14,0.0,0,0,0.0
D12,iid,3325,19326,0.502499707901831,0.50249970790182,1.099120794378905e-14,0.0,0,0,0.0
D12,iid,3350,19351,0.5025205264849083,0.5025205264848973,1.099120794378905e-14,0.0,0,0,0.0
D12,iid,3375,19376,0.5025558397017884,0.5025558397017774,1.099120794378905e-14,0.0,0,0,0.0
D12,iid,3400,19401,0.5026087173259607,0.5026087173259504,1.0325074129013956e-14,0.0,0,0,0.0
D12,iid,3425,19426,0.5025773522983038,0.5025773522982936,1.021405182655144e-14,0.0,0,0,0.0
D12,iid,3450,19451,0.5024849738425772,0.5024849738425669,1.0325074129013956e-14,0.0,0,0,0.0
D12,iid,3475,19476,0.5024747316483762,0.5024747316483662,9.992007221626409e-15,0.0,0,0,0.0
D12,iid,3500,19501,0.5025932448294691,0.5025932448294591,9.992007221626409e-15,0.0,0,0,0.0
D12,iid,3525,19526,0.5026811636353388,0.5026811636353293,9.43689570931383e-15,0.0,0,0,0.0
D12,iid,3550,19551,0.5027049069256765,0.5027049069256672,9.325873406851315e-15,0.0,0,0,0.0
D12,iid,3575,19576,0.5025228481596857,0.5025228481596765,9.2148511043888e-15,0.0,0,0,0.0
D12,iid,3600,19601,0.5023759401980114,0.502375940198002,9.325873406851315e-15,0.0,0,0,0.0
D12,iid,3625,19626,0.5024747035516312,0.5024747035516222,8.992806499463768e-15,0.0,0,0,0.0
D12,iid,3650,19651,0.5024569969785504,0.5024569969785415,8.881784197001252e-15,0.0,0,0,0.0
D12,iid,3675,19676,0.5024139205228292,0.5024139205228201,9.103828801926284e-15,0.0,0,0,0.0
D12,iid,3700,19701,0.5024752314153218,0.5024752314153129,8.881784197001252e-15,0.0,0,0,0.0
D12,iid,3725,19726,0.5024522762700855,0.5024522762700765,8.992806499463768e-15,0.0,0,0,0.0
D12,iid,3750,19751,0.5025890825094109,0.5025890825094023,8.659739592076221e-15,0.0,0,0,0.0
D12,iid,3775,19776,0.5025595370896058,0.5025595370895969,8.881784197001252e-15,0.0,0,0,0.0
D12,iid,3800,19801,0.5025346628872251,0.5025346628872162,8.992806499463768e-15,0.0,0,0,0.0
D12,iid,3825,19826,0.5025162610247937,0.5025162610247862,7.549516567451064e-15,0.0,0,0,0.0
D12,iid,3850,19851,0.5025870495883632,0.5025870495883559,7.327471962526033e-15,0.0,0,0,0.0
D12,iid,3875,19876,0.5025036823127589,0.5025036823127513,7.549516567451064e-15,0.0,0,0,0.0
D12,iid,3900,19901,0.5025149681091419,0.5025149681091347,7.216449660063518e-15,0.0,0,0,0.0
D12,iid,3925,19926,0.5025635679969649,0.5025635679969578,7.105427357601002e-15,0.0,0,0,0.0
D12,iid,3950,19951,0.5027020939720519,0.5027020939720452,6.661338147750939e-15,0.0,0,0,0.0
D12,iid,3975,19976,0.5026367650372364,0.5026367650372296,6.772360450213455e-15,0.0,0,0,0.0
D12,iid,3999,20000,0.5026589689184457,0.5026589689184388,6.994405055138486e-15,0.0,0,0,0.0
D12,class_sorted,0,16001,0.49753467748298524,0.49753467748298524,0.0,0.0,0,0,0.0
D12,class_sorted,25,16026,0.49789418608684527,0.4978941860868449,3.885780586188048e-16,0.0,0,0,0.0
D12,class_sorted,50,16051,0.4982198635439905,0.49821986354398873,1.7763568394002505e-15,0.0,0,0,0.0
D12,class_sorted,75,16076,0.49863679398481947,0.4986367939848176,1.887379141862766e-15,0.0,0,0,0.0
D12,class_sorted,100,16101,0.4991032643768289,0.49910326437682734,1.5543122344752192e-15,0.0,0,0,0.0
D12,class_sorted,125,16126,0.4995122030104984,0.49951220301049687,1.5543122344752192e-15,0.0,0,0,0.0
D12,class_sorted,150,16151,0.4998843102070737,0.49988431020707214,1.5543122344752192e-15,0.0,0,0,0.0
D12,class_sorted,175,16176,0.49985654800494445,0.4998565480049428,1.6653345369377348e-15,0.0,0,0,0.0
D12,class_sorted,200,16201,0.49977004420758403,0.4997700442075822,1.8318679906315083e-15,0.0,0,0,0.0
D12,class_sorted,225,16226,0.4996691762966413,0.4996691762966408,4.996003610813204e-16,0.0,0,0,0.0
D12,class_sorted,250,16251,0.49949415427874644,0.49949415427874594,4.996003610813204e-16,0.0,0,0,0.0
D12,class_sorted,275,16276,0.49935062531709706,0.4993506253170966,4.440892098500626e-16,0.0,0,0,0.0
D12,class_sorted,300,16301,0.49919734989776665,0.49919734989776593,7.216449660063518e-16,0.0,0,0,0.0
D12,class_sorted,325,16326,0.4992795897054188,0.49927958970541814,6.661338147750939e-16,0.0,0,0,0.0
D12,class_sorted,350,16351,0.499333903596044,0.49933390359604335,6.661338147750939e-16,0.0,0,0,0.0
D12,class_sorted,375,16376,0.4993514166401664,0.49935141664016575,6.661338147750939e-16,0.0,0,0,0.0
D12,class_sorted,400,16401,0.49952908116977,0.4995290811697687,1.3322676295501878e-15,0.0,0,0,0.0
D12,class_sorted,425,16426,0.4997026460294848,0.49970264602948333,1.4432899320127035e-15,0.0,0,0,0.0
D12,class_sorted,450,16451,0.4998258441474354,0.49982584414743403,1.3877787807814457e-15,0.0,0,0,0.0
D12,class_sorted,475,16476,0.4998562117038265,0.4998562117038251,1.3877787807814457e-15,0.0,0,0,0.0
D12,class_sorted,500,16501,0.4997412046026873,0.49974120460268506,2.220446049250313e-15,0.0,0,0,0.0
D12,class_sorted,525,16526,0.49947804289217257,0.4994780428921702,2.3869795029440866e-15,0.0,0,0,0.0
D12,class_sorted,550,16551,0.49944695840323433,0.49944695840323233,1.9984014443252818e-15,0.0,0,0,0.0
D12,class_sorted,575,16576,0.4994572410694679,0.4994572410694659,2.0539125955565396e-15,0.0,0,0,0.0
D12,class_sorted,600,16601,0.4992879259126368,0.499287925912634,2.831068712794149e-15,0.0,0,0,0.0
D12,class_sorted,625,16626,0.499072956251191,0.4990729562511886,2.4424906541753444e-15,0.0,0,0,0.0
D12,class_sorted,650,16651,0.4990401146167983,0.4990401146167953,2.9976021664879227e-15,0.0,0,0,0.0
D12,class_sorted,675,16676,0.4988919638200099,0.49889196382000656,3.3306690738754696e-15,0.0,0,0,0.0
D12,class_sorted,700,16701,0.4987041214887895,0.4987041214887854,4.107825191113079e-15,0.0,0,0,0.0
D12,class_sorted,725,16726,0.49863486677669205,0.4986348667766876,4.440892098500626e-15,0.0,0,0,0.0
D12,class_sorted,750,16751,0.4985923735312864,0.4985923735312825,3.885780586188048e-15,0.0,0,0,0.0
D12,class_sorted,775,16776,0.4984252392103215,0.4984252392103178,3.7192471324942744e-15,0.0,0,0,0.0
D12,class_sorted,800,16801,0.4983704699645442,0.4983704699645402,3.9968028886505635e-15,0.0,0,0,0.0
D12,class_sorted,825,16826,0.4982658214073695,0.4982658214073653,4.218847493575595e-15,0.0,0,0,0.0
D12,class_sorted,850,16851,0.4980526241752173,0.49805262417521295,4.3298697960381105e-15,0.0,0,0,0.0
D12,class_sorted,875,16876,0.49816672087969127,0.4981667208796871,4.163336342344337e-15,0.0,0,0,0.0
D12,class_sorted,900,16901,0.49820083524899783,0.49820083524899367,4.163336342344337e-15,0.0,0,0,0.0
D12,class_sorted,925,16926,0.4981350182829943,0.4981350182829904,3.885780586188048e-15,0.0,0,0,0.0
D12,class_sorted,950,16951,0.4980694416014645,0.49806944160146116,3.3306690738754696e-15,0.0,0,0,0.0
D12,class_sorted,975,16976,0.4978273839698965,0.49782738396989296,3.552713678800501e-15,0.0,0,0,0.0
D12,class_sorted,1000,17001,0.49780386546960176,0.49780386546959793,3.83026943495679e-15,0.0,0,0,0.0
D12,class_sorted,1025,17026,0.49783297449668074,0.4978329744966766,4.163336342344337e-15,0.0,0,0,0.0
D12,class_sorted,1050,17051,0.49763131367585506,0.4976313136758508,4.274358644806853e-15,0.0,0,0,0.0
D12,class_sorted,1075,17076,0.4975349077248422,0.49753490772483794,4.274358644806853e-15,0.0,0,0,0.0
D12,class_sorted,1100,17101,0.49724106342280405,0.4972410634228005,3.552713678800501e-15,0.0,0,0,0.0
D12,class_sorted,1125,17126,0.4971014767290464,0.49710147672904276,3.6637359812630166e-15,0.0,0,0,0.0
D12,class_sorted,1150,17151,0.49688845658711045,0.4968884565871072,3.2751579226442118e-15,0.0,0,0,0.0
D12,class_sorted,1175,17176,0.49667432746799095,0.49667432746798756,3.3861802251067274e-15,0.0,0,0,0.0
D12,class_sorted,1200,17201,0.4963743209807386,0.49637432098073453,4.052314039881821e-15,0.0,0,0,0.0
D12,class_sorted,1225,17226,0.49608653745115167,0.49608653745114767,3.9968028886505635e-15,0.0,0,0,0.0
D12,class_sorted,1250,17251,0.4958553933222564,0.495855393322253,3.4416913763379853e-15,0.0,0,0,0.0
D12,class_sorted,1275,17276,0.4960542085978404,0.4960542085978369,3.497202527569243e-15,0.0,0,0,0.0
D12,class_sorted,1300,17301,0.4963830239047319,0.49638302390472855,3.3306690738754696e-15,0.0,0,0,0.0
D12,class_sorted,1325,17326,0.49664960223240584,0.4966496022324025,3.3306690738754696e-15,0.0,0,0,0.0
D12,class_sorted,1350,17351,0.49696527455693174,0.49696527455692824,3.497202527569243e-15,0.0,0,0,0.0
D12,class_sorted,1375,17376,0.4970980862454526,0.49709808624544877,3.83026943495679e-15,0.0,0,0,0.0
D12,class_sorted,1400,17401,0.4974940997279355,0.49749409972793196,3.552713678800501e-15,0.0,0,0,0.0
D12,class_sorted,1425,17426,0.4976463778396331,0.49764637783963,3.1086244689504383e-15,0.0,0,0,0.0
D12,class_sorted,1450,17451,0.49793301700023807,0.4979330170002351,2.942091015256665e-15,0.0,0,0,0.0
D12,class_sorted,1475,17476,0.49820362044170224,0.4982036204416992,3.0531133177191805e-15,0.0,0,0,0.0
D12,class_sorted,1500,17501,0.49833928777156855,0.49833928777156494,3.608224830031759e-15,0.0,0,0,0.0
D12,class_sorted,1525,17526,0.4986563771188955,0.49865637711889177,3.7192471324942744e-15,0.0,0,0,0.0
D12,class_sorted,1550,17551,0.49881483998815423,0.4988148399881505,3.7192471324942744e-15,0.0,0,0,0.0
D12,class_sorted,1575,17576,0.4990009082431384,0.49900090824313503,3.3861802251067274e-15,0.0,0,0,0.0
D12,class_sorted,1600,17601,0.4989512030870605,0.498951203087057,3.497202527569243e-15,0.0,0,0,0.0
D12,class_sorted,1625,17626,0.49883972662982573,0.49883972662982223,3.497202527569243e-15,0.0,0,0,0.0
D12,class_sorted,1650,17651,0.4987227052741361,0.49872270527413215,3.941291737419306e-15,0.0,0,0,0.0
D12,class_sorted,1675,17676,0.49868102720588736,0.4986810272058831,4.274358644806853e-15,0.0,0,0,0.0
D12,class_sorted,1700,17701,0.498472857329805,0.498472857329801,3.9968028886505635e-15,0.0,0,0,0.0
D12,class_sorted,1725,17726,0.49856017527963364,0.49856017527963026,3.3861802251067274e-15,0.0,0,0,0.0
D12,class_sorted,1750,17751,0.498858168228691,0.4988581682286875,3.497202527569243e-15,0.0,0,0,0.0
D12,class_sorted,1775,17776,0.49922131145877285,0.4992213114587689,3.941291737419306e-15,0.0,0,0,0.0
D12,class_sorted,1800,17801,0.49965289157540654,0.49965289157540255,3.9968028886505635e-15,0.0,0,0,0.0
D12,class_sorted,1825,17826,0.4998323288340824,0.4998323288340786,3.83026943495679e-15,0.0,0,0,0.0
D12,class_sorted,1850,17851,0.5002425631982212,0.5002425631982177,3.552713678800501e-15,0.0,0,0,0.0
D12,class_sorted,1875,17876,0.5003679836891605,0.500367983689157,3.4416913763379853e-15,0.0,0,0,0.0
D12,class_sorted,1900,17901,0.5006682179687727,0.5006682179687691,3.552713678800501e-15,0.0,0,0,0.0
D12,class_sorted,1925,17926,0.5007434170631665,0.5007434170631626,3.885780586188048e-15,0.0,0,0,0.0
D12,class_sorted,1950,17951,0.5009361356495141,0.5009361356495106,3.552713678800501e-15,0.0,0,0,0.0
D12,class_sorted,1975,17976,0.5010472895570949,0.501047289557092,2.886579864025407e-15,0.0,0,0,0.0
D12,class_sorted,2000,18001,0.5012341941610458,0.5012341941610426,3.1086244689504383e-15,0.0,0,0,0.0
D12,class_sorted,2025,18026,0.5012910427407358,0.5012910427407326,3.219646771412954e-15,0.0,0,0,0.0
D12,class_sorted,2050,18051,0.5014291100409142,0.5014291100409107,3.4416913763379853e-15,0.0,0,0,0.0
D12,class_sorted,2075,18076,0.5014962365512066,0.5014962365512029,3.6637359812630166e-15,0.0,0,0,0.0
D12,class_sorted,2100,18101,0.5015869362506314,0.501586936250628,3.4416913763379853e-15,0.0,0,0,0.0
D12,class_sorted,2125,18126,0.5016299987115561,0.5016299987115529,3.219646771412954e-15,0.0,0,0,0.0
D12,class_sorted,2150,18151,0.5016128054990808,0.5016128054990778,2.9976021664879227e-15,0.0,0,0,0.0
D12,class_sorted,2175,18176,0.5016619418650278,0.501661941865025,2.7755575615628914e-15,0.0,0,0,0.0
D12,class_sorted,2200,18201,0.501565775827457,0.5015657758274539,3.1086244689504383e-15,0.0,0,0,0.0
D12,class_sorted,2225,18226,0.5014856833167419,0.5014856833167388,3.1086244689504383e-15,0.0,0,0,0.0
D12,class_sorted,2250,18251,0.5014551996970119,0.5014551996970088,3.1086244689504383e-15,0.0,0,0,0.0
D12,class_sorted,2275,18276,0.5013180515798171,0.5013180515798139,3.219646771412954e-15,0.0,0,0,0.0
D12,class_sorted,2300,18301,0.5012226900396568,0.5012226900396541,2.6645352591003757e-15,0.0,0,0,0.0
D12,class_sorted,2325,18326,0.5012479398032013,0.5012479398031985,2.7755575615628914e-15,0.0,0,0,0.0
D12,class_sorted,2350,18351,0.5013065514459715,0.5013065514459683,3.219646771412954e-15,0.0,0,0,0.0
D12,class_sorted,2375,18376,0.501374341180717,0.5013743411807141,2.886579864025407e-15,0.0,0,0,0.0
D12,class_sorted,2400,18401,0.5013516865580444,0.5013516865580417,2.6645352591003757e-15,0.0,0,0,0.0
D12,class_sorted,2425,18426,0.5013739338686479,0.5013739338686449,2.9976021664879227e-15,0.0,0,0,0.0
D12,class_sorted,2450,18451,0.5011862315295553,0.5011862315295527,2.6645352591003757e-15,0.0,0,0,0.0
D12,class_sorted,2475,18476,0.5010036297276441,0.5010036297276412,2.886579864025407e-15,0.0,0,0,0.0
D12,class_sorted,2500,18501,0.5008666214486456,0.5008666214486424,3.219646771412954e-15,0.0,0,0,0.0
D12,class_sorted,2525,18526,0.5008644019680674,0.500864401968064,3.3306690738754696e-15,0.0,0,0,0.0
D12,class_sorted,2550,18551,0.5007856101273067,0.5007856101273035,3.219646771412954e-15,0.0,0,0,0.0
D12,class_sorted,2575,18576,0.5006790474350783,0.500679047435075,3.3306690738754696e-15,0.0,0,0,0.0
D12,class_sorted,2600,18601,0.5007264030972493,0.5007264030972459,3.3306690738754696e-15,0.0,0,0,0.0
D12,class_sorted,2625,18626,0.5006739430295318,0.5006739430295285,3.3306690738754696e-15,0.0,0,0,0.0
D12,class_sorted,2650,18651,0.5006010297973059,0.5006010297973023,3.6637359812630166e-15,0.0,0,0,0.0
D12,class_sorted,2675,18676,0.5005344055072872,0.5005344055072833,3.885780586188048e-15,0.0,0,0,0.0
D12,class_sorted,2700,18701,0.5004989255843806,0.5004989255843764,4.218847493575595e-15,0.0,0,0,0.0
D12,class_sorted,2725,18726,0.500525183730501,0.5005251837304971,3.885780586188048e-15,0.0,0,0,0.0
D12,class_sorted,2750,18751,0.5004243604881042,0.5004243604881001,4.107825191113079e-15,0.0,0,0,0.0
D12,class_sorted,2775,18776,0.5001916654752188,0.5001916654752149,3.885780586188048e-15,0.0,0,0,0.0
D12,class_sorted,2800,18801,0.5001083059524112,0.5001083059524073,3.885780586188048e-15,0.0,0,0,0.0
D12,class_sorted,2825,18826,0.5000514798096541,0.50005147980965,4.107825191113079e-15,0.0,0,0,0.0
D12,class_sorted,2850,18851,0.4999514792710683,0.4999514792710639,4.385380947269368e-15,0.0,0,0,0.0
D12,class_sorted,2875,18876,0.4998514640484565,0.4998514640484518,4.6629367034256575e-15,0.0,0,0,0.0
D12,class_sorted,2900,18901,0.49984412695008323,0.49984412695007874,4.496403249731884e-15,0.0,0,0,0.0
D12,class_sorted,2925,18926,0.4998850912015847,0.4998850912015801,4.6074255521944e-15,0.0,0,0,0.0
D12,class_sorted,2950,18951,0.4999237289978861,0.4999237289978814,4.718447854656915e-15,0.0,0,0,0.0
D12,class_sorted,2975,18976,0.5000509759712989,0.5000509759712944,4.440892098500626e-15,0.0,0,0,0.0
D12,class_sorted,3000,19001,0.500132076516231,0.5001320765162269,4.107825191113079e-15,0.0,0,0,0.0
D12,class_sorted,3025,19026,0.5001479263034373,0.500147926303433,4.3298697960381105e-15,0.0,0,0,0.0
D12,class_sorted,3050,19051,0.5002274866926001,0.5002274866925956,4.440892098500626e-15,0.0,0,0,0.0
D12,class_sorted,3075,19076,0.5004868059246849,0.5004868059246801,4.773959005888173e-15,0.0,0,0,0.0
D12,class_sorted,3100,19101,0.5006971919083019,0.5006971919082968,5.10702591327572e-15,0.0,0,0,0.0
D12,class_sorted,3125,19126,0.5007961815657102,0.5007961815657057,4.440892098500626e-15,0.0,0,0,0.0
D12,class_sorted,3150,19151,0.5009193575425391,0.5009193575425351,3.9968028886505635e-15,0.0,0,0,0.0
D12,class_sorted,3175,19176,0.5010963170740356,0.5010963170740316,3.9968028886505635e-15,0.0,0,0,0.0
D12,class_sorted,3200,19201,0.5012569350017242,0.5012569350017199,4.3298697960381105e-15,0.0,0,0,0.0
D12,class_sorted,3225,19226,0.5012387365548981,0.501238736554894,4.107825191113079e-15,0.0,0,0,0.0
D12,class_sorted,3250,19251,0.5012589355655934,0.5012589355655895,3.885780586188048e-15,0.0,0,0,0.0
D12,class_sorted,3275,19276,0.5013008679512768,0.5013008679512729,3.885780586188048e-15,0.0,0,0,0.0
D12,class_sorted,3300,19301,0.5013576098872189,0.5013576098872152,3.6637359812630166e-15,0.0,0,0,0.0
D12,class_sorted,3325,19326,0.5014313585199893,0.5014313585199853,3.9968028886505635e-15,0.0,0,0,0.0
D12,class_sorted,3350,19351,0.501507822852031,0.5015078228520271,3.885780586188048e-15,0.0,0,0,0.0
D12,class_sorted,3375,19376,0.5014782238267363,0.5014782238267328,3.552713678800501e-15,0.0,0,0,0.0
D12,class_sorted,3400,19401,0.5017251347741225,0.5017251347741193,3.219646771412954e-15,0.0,0,0,0.0
D12,class_sorted,3425,19426,0.5018828585677336,0.5018828585677305,3.1086244689504383e-15,0.0,0,0,0.0
D12,class_sorted,3450,19451,0.5020846216684771,0.5020846216684738,3.3306690738754696e-15,0.0,0,0,0.0
D12,class_sorted,3475,19476,0.5024010021601722,0.5024010021601686,3.6637359812630166e-15,0.0,0,0,0.0
D12,class_sorted,3500,19501,0.5026629695852342,0.5026629695852305,3.6637359812630166e-15,0.0,0,0,0.0
D12,class_sorted,3525,19526,0.5028604923450534,0.5028604923450504,2.9976021664879227e-15,0.0,0,0,0.0
D12,class_sorted,3550,19551,0.5029420097621288,0.502942009762126,2.7755575615628914e-15,0.0,0,0,0.0
D12,class_sorted,3575,19576,0.5027697631172992,0.5027697631172962,2.9976021664879227e-15,0.0,0,0,0.0
D12,class_sorted,3600,19601,0.5026887395154632,0.5026887395154601,3.1086244689504383e-15,0.0,0,0,0.0
D12,class_sorted,3625,19626,0.5028149832759259,0.5028149832759229,2.9976021664879227e-15,0.0,0,0,0.0
D12,class_sorted,3650,19651,0.5027962959281194,0.5027962959281164,2.9976021664879227e-15,0.0,0,0,0.0
D12,class_sorted,3675,19676,0.5027467532917418,0.5027467532917389,2.886579864025407e-15,0.0,0,0,0.0
D12,class_sorted,3700,19701,0.5025555677160676,0.5025555677160647,2.886579864025407e-15,0.0,0,0,0.0
D12,class_sorted,3725,19726,0.5024193977834419,0.5024193977834389,2.9976021664879227e-15,0.0,0,0,0.0
D12,class_sorted,3750,19751,0.5023717359724648,0.5023717359724615,3.219646771412954e-15,0.0,0,0,0.0
D12,class_sorted,3775,19776,0.5022964258227233,0.50229642582272,3.219646771412954e-15,0.0,0,0,0.0
D12,class_sorted,3800,19801,0.50223698536802,0.5022369853680169,3.1086244689504383e-15,0.0,0,0,0.0
D12,class_sorted,3825,19826,0.5022228081183362,0.5022228081183334,2.7755575615628914e-15,0.0,0,0,0.0
D12,class_sorted,3850,19851,0.5021926054446743,0.5021926054446711,3.1086244689504383e-15,0.0,0,0,0.0
D12,class_sorted,3875,19876,0.5021915357318563,0.5021915357318534,2.886579864025407e-15,0.0,0,0,0.0
D12,class_sorted,3900,19901,0.5022609596827105,0.5022609596827072,3.219646771412954e-15,0.0,0,0,0.0
D12,class_sorted,3925,19926,0.5023816335784879,0.5023816335784843,3.552713678800501e-15,0.0,0,0,0.0
D12,class_sorted,3950,19951,0.5025252592346326,0.5025252592346291,3.552713678800501e-15,0.0,0,0,0.0
D12,class_sorted,3975,19976,0.5025895949062156,0.502589594906212,3.552713678800501e-15,0.0,0,0,0.0
D12,class_sorted,3999,20000,0.502658968918442,0.5026589689184389,3.1086244689504383e-15,0.0,0,0,0.0
