dataset,dataset_name,repeats,reduct_init_features,time_state_init_sec,time_stream_sec_median,time_stream_sec_min,time_stream_sec_max
D1,Wine,5,0|4|6|9|12,0.0006990420000000386,0.0009300739999997809,0.0009087609999995916,0.0010169599999996226
D2,WDBC,5,7|10|13|20|21|22|27,0.004747540999999966,0.003682933999999749,0.003678837000000934,0.004011996000000684
D3,Iono,5,0|3|4|5|7|8|9|15,0.0019162920000000971,0.0021679690000002694,0.0021512110000002638,0.002263004000000679
D4,Derm,5,4|5|13|14|19|21|26|29|33,0.002093208000000013,0.002225832999998456,0.0022089099999998973,0.0022685029999996997
D5,Sonar,5,10|11|15|46,0.0008413750000000331,0.0011027489999992923,0.0010948830000003795,0.0011309180000000918
D6,Urban,5,3|11|18|24|75|88,0.008261209000000047,0.005512826000000581,0.005497114999999497,0.005724593999999139
D7,Musk,5,2|9|12|26|29|35|107|135,0.0031637499999999097,0.0032087449999975703,0.003139563999999595,0.0033198309999999953
D8,Arrhy,5,10|14|90|101|102|113|180|251|258|276,0.003032374999999865,0.003028371999999946,0.0029998520000040774,0.003108623000002142
D9,Spambase,5,6|15|24|26|41|51|54|55|56,0.22471908399999974,0.10420017799998327,0.10362063799998644,0.10577247800000711
D10,Parkinsons,5,0|5|9,0.000753875000000015,0.0009486829999958424,0.0009430500000013886,0.0009754079999941823
D11,Isolet,5,1|5|9|13|98|101|104|109|138|165|202|323|362|386|394|396|410|417|580,0.8473893749999997,0.3191849739999988,0.31617533600000325,0.3306003350000113
D12,Letter,5,2|6|7|8|9|10|11|12|13|14|15,6.09914745799999,2.0710189739995286,2.059478384000016,2.092911400000226
