dataset,dataset_name,repeats,reduct_init_features,reduct_full_features,time_batch_init_sec,time_batch_full_sec,time_state_init_sec,time_stream_sec_median,time_stream_sec_min,time_stream_sec_max
D1,Wine,5,0|4|6|9|12,0|4|6|9|10|12,0.03438901901245117,0.04508495330810547,0.0007055000000000256,0.0009455809999999731,0.0009424560000002025,0.0010047109999989923
D2,WDBC,5,7|10|13|20|21|22|27,1|7|10|20|22|27,0.4677441120147705,0.5483958721160889,0.004909916999999986,0.0038628269999994025,0.003726955999995951,0.004148876999999995
D3,Iono,5,0|3|4|5|7|8|9|15,0|4|5|6|7|8,0.3202860355377197,0.33248090744018555,0.0019852500000001605,0.002238363000000465,0.0022294979999974984,0.00235192099999626
D4,Derm,5,4|5|13|14|19|21|26|29|33,4|5|13|14|19|21|25|26|30|33,0.35237574577331543,0.49472713470458984,0.0020954579999998835,0.002284089000009981,0.0022541180000006378,0.0024450919999980947
D5,Sonar,5,10|11|15|46,10|11|15|46,0.1821138858795166,0.2199399471282959,0.0008490839999999444,0.0011394139999998387,0.0010796599999975953,0.001142002000006137
D6,Urban,5,3|11|18|24|75|88,6|7|11|18|24|68|72,5.016247034072876,7.944246053695679,0.008609959000001055,0.005787627999961131,0.005579504999978724,0.005975919000000829
D7,Musk,5,2|9|12|26|29|35|107|135,58|67|78|150|161,2.4775900840759277,1.9501378536224365,0.003225125000000162,0.003374876999966858,0.003341217000016883,0.0036181129999981465
D8,Arrhy,5,10|14|90|101|102|113|180|251|258|276,14|51|75|90|102|113|166|258|269,4.674452066421509,5.66251802444458,0.0030687910000004592,0.0031248590000210186,0.003103146999993811,0.0032849640000165437
D9,Spambase,5,6|15|24|26|41|51|54|55|56,6|24|26|27|41|45|51|52|54|55,37.8154981136322,48.043676137924194,0.22766029200001014,0.10716980300009027,0.10679293199972051,0.10777794699981769
D10,Parkinsons,5,0|5|9,0|10|18,0.048460960388183594,0.06068921089172363,0.0007664170000083459,0.0010131389999230578,0.0009864200000464507,0.0010320810002184544
D12,Letter,5,2|6|7|8|9|10|11|12|13|14|15,2|5|6|7|8|9|10|11|12|13|14|15,343.59262108802795,542.5695610046387,6.07515966699998,2.1041115479913515,2.0684449859854794,2.123530357996742
D11,Isolet,5,1|5|9|13|98|101|104|109|138|165|202|323|362|386|394|396|410|417|580,1|5|10|12|14|98|109|133|136|171|179|323|362|388|394|396|411|416|418|580,,3083.1613759994507,0.858291958999871,0.5775488919962299,0.5764876240032208,0.5777533050031707
