dataset_name,n,p,ours_size,ours_3nn,ours_svm,ours_batch_init_sec,ours_state_init_sec,ours_stream_sec,xu_time_batch_init_sec,xu_time_state_init_sec,xu_stream_time_sec,ours_total_sec,xu_total_sec,xu_over_ours
Wine,178,13,6,97.76190476190476,98.88888888888889,0.0379011631011962,0.0008013749999999,0.0012733019999989,0.0103421211242675,0.0002944999999999,0.0003275369999994,0.039975840101195,0.010964158124266802,0.27426961125800203
Letter,20000,16,12,95.71499999999999,91.11,358.5279788970947,6.261283333000165,2.3887101469995287,116.34327173233032,4.753954208999971,1.5948839640012693,367.1779723770944,122.69210990533156,0.3341488845614243
Parkinsons,195,22,3,90.76923076923076,87.17948717948717,0.0527789592742919,0.0008524589999865,0.0011885729998653,0.0206742286682128,0.0003614579999862,0.0003620029996227,0.0548199912741437,0.0213976896678217,0.39032639682148396
WDBC,569,30,6,95.78326346840552,96.30957925787922,0.5122191905975342,0.0054590000000001,0.0046632589999995,0.4134159088134765,0.0029037089999999,0.001843574,0.5223414495975338,0.41816319181347644,0.8005552539161364
Iono,351,34,6,91.44869215291752,92.3098591549296,0.3516340255737304,0.002123209,0.0028253700000009,0.1544828414916992,0.0010808749999999,0.0008666599999993,0.3565826045737313,0.1564303764916984,0.4386932354109073
Derm,366,34,10,97.53424657534246,97.80821917808218,0.3953890800476074,0.0022657089999995,0.0026324929999947,0.1912009716033935,0.0011576250000002,0.0008766249999974,0.4002872820476016,0.1932352216033911,0.4827413467021214
Spambase,4601,57,10,92.26266345654535,90.04588585186234,39.692342042922974,0.2409244159999986,0.1172540420002405,73.34934997558594,0.8326334579999752,0.238289844999656,40.05052050092321,74.42027327858557,1.858159952674525
Sonar,208,60,4,81.73054587688733,79.33797909407666,0.203118085861206,0.0009488329999998,0.0014469610000071,0.1128497123718261,0.0004246249999999,0.0003914159999998,0.2055138798612129,0.1136657533718258,0.5530806651530605
Urban,675,147,7,84.59259259259258,84.74074074074075,5.191702842712402,0.0092961669999986,0.0067009779999906,6.695056915283203,0.004409374999998,0.0026647109999942,5.207699987712392,6.702131001283195,1.2869656503056868
Musk,476,166,5,80.45175438596492,77.71491228070177,2.7408831119537354,0.0034010829999999,0.0040075909999934,4.397474050521851,0.0022079999999959,0.0015069589999896,2.748291785953729,4.401189009521836,1.6014271235739654
Arrhy,452,279,9,69.03785103785103,65.26007326007326,5.095252990722656,0.0037463330000022,0.0036658189999982,10.294021129608154,0.0021233749999964,0.0014307900000218,5.102665142722657,10.297575294608173,2.0180778096509857
