dataset_name,n_total,n_features,mhmg_total_sec,xu_total_sec,mhmg_faster_by
Wine,178,13,0.039975840101195,0.010964158124266802,0.27426961125800203
Letter,20000,16,367.1779723770944,122.69210990533156,0.3341488845614243
Parkinsons,195,22,0.0548199912741437,0.0213976896678217,0.39032639682148396
WDBC,569,30,0.5223414495975338,0.41816319181347644,0.8005552539161364
Iono,351,34,0.3565826045737313,0.1564303764916984,0.4386932354109073
Derm,366,34,0.4002872820476016,0.1932352216033911,0.4827413467021214
Spambase,4601,57,40.05052050092321,74.42027327858557,1.858159952674525
Sonar,208,60,0.2055138798612129,0.1136657533718258,0.5530806651530605
Urban,675,147,5.207699987712392,6.702131001283195,1.2869656503056868
Musk,476,166,2.748291785953729,4.401189009521836,1.6014271235739654
Arrhy,452,279,5.102665142722657,10.297575294608173,2.0180778096509857
