dataset_name,n,p,ours_total_sec,xu_total_sec,xu_over_ours
Wine,178,13,0.0360181350124508,0.010476016472045898,0.29085393978407087
Letter,20000,16,351.7627875200275,92.00246053875432,0.26154688273703824
Parkinsons,195,22,0.0501635183881793,0.019186434500028198,0.38247784678016833
WDBC,569,30,0.4761745870147701,0.3980331452792964,0.835897496703137
Derm,366,34,0.3566947867733138,0.18032868664660598,0.5055545898998749
Iono,351,34,0.3243702965377199,0.1498812900603025,0.4620684805609916
Spambase,4601,57,38.14441737563219,68.24091341813846,1.7890144381057667
Sonar,208,60,0.18405800987951582,0.10611338056835941,0.5765213947375674
Urban,675,147,5.030021069072876,6.2709001660606845,1.246694612199015
Musk,476,166,2.483962579075925,4.1081338067961255,1.6538630015611664
Arrhy,452,279,4.680512813421509,9.552773816971182,2.0409673464792832
