dataset,n_init,p_B,K,batch_ms,sequential_ms,speedup,same_final_state
Wine,142,5,3,0.05933300000005026,0.07641699999993978,1.2879342018754327,True
Wine,142,5,5,0.06666700000002024,0.12095899999997606,1.8143759281194496,True
Wine,142,5,10,0.10112499999992419,0.258207999999982,2.553354758963417,True
Wine,142,5,20,0.1351670000000471,0.49362500000005305,3.6519638669192998,True
Wine,142,5,35,0.1878329999999151,0.8342919999999587,4.441668929316658,True
Urban,540,6,5,0.18695899999998655,0.18804100000002766,1.0057873651444498,True
Urban,540,6,10,0.3402089999999802,0.4230419999999846,1.2434768039646487,True
Urban,540,6,20,0.5735000000000046,0.7967090000000621,1.3892048823017538,True
Urban,540,6,40,1.0102499999999903,1.5485839999999085,1.532872061370872,True
Urban,540,6,80,2.028416000000033,3.1903750000000786,1.572840581024813,True
Urban,540,6,120,3.140458999999929,4.937292000000149,1.5721561720755661,True
Spambase,3680,9,5,0.6092909999999563,0.49800000000010947,0.8173434368801529,True
Spambase,3680,9,10,0.9507079999999668,0.9749580000000257,1.0255073061340179,True
Spambase,3680,9,20,1.5830410000001738,1.9153750000000525,1.2099339183254523,True
Spambase,3680,9,40,2.964790999999911,3.828874999999954,1.291448537181902,True
Spambase,3680,9,80,6.108208000000115,7.826833999999838,1.2813633720396704,True
Spambase,3680,9,160,12.208957999999992,16.13354200000039,1.3214511836309373,True
Spambase,3680,9,320,25.76691699999989,32.465458999999974,1.2599667628067461,True
Spambase,3680,9,640,54.34833300000008,68.45858299999996,1.259626178414706,True
